id,main_category,category,sub_category,item_name,standard,unit,crew_composition_text,productivity_type,skill_worker_1_pum,skill_worker_1_count,skill_worker_2_pum,skill_worker_2_count,special_worker_pum,special_worker_count,common_worker_pum,common_worker_count,equipment_pum,equipment_count,pumsam_workload,molit_workload
222,"RC공사","거푸집","갱폼","6-3-8 갱폼 설치 및 해체('08, '09, '17, '24년 보완)","마감층  및 해체, 벽식기준","㎡","형틀목공 5인, 보통인부 1인 기준","인력 생산성",0.0,5.0,0.0,0.0,0.0,0.0,0.0,1.0,0.0,0.0,50.0,50.0
221,"RC공사","거푸집","갱폼","6-3-8 갱폼 설치 및 해체('08, '09, '17, '24년 보완)","셋팅층  및 해체, 벽식기준","㎡","형틀목공 5인, 보통인부 1인 기준","인력 생산성",0.0,5.0,0.0,0.0,0.0,0.0,0.0,1.0,0.0,0.0,40.0,40.0
223,"RC공사","거푸집","갱폼","6-3-8 갱폼 설치 및 해체('08, '09, '17, '24년 보완)","일반층  및 해체, 벽식기준","㎡","형틀목공 5인, 보통인부 1인 기준","인력 생산성",0.0,5.0,0.0,0.0,0.0,0.0,0.0,1.0,0.0,0.0,90.0,90.0
219,"RC공사","거푸집","알루미늄폼","6-3-7 알루미늄폼 설치 및 해체('08년 신설, '17, '24년 보완)","마감층  및 해체, 벽식기준","㎡","형틀목공 4인, 보통인부 1인 기준","인력 생산성",0.0,4.0,0.0,0.0,0.0,0.0,0.0,1.0,0.0,0.0,40.0,40.0
218,"RC공사","거푸집","알루미늄폼","6-3-7 알루미늄폼 설치 및 해체('08년 신설, '17, '24년 보완)","셋팅층  및 해체, 벽식기준","㎡","형틀목공 4인, 보통인부 1인 기준","인력 생산성",0.0,4.0,0.0,0.0,0.0,0.0,0.0,1.0,0.0,0.0,30.0,30.0
220,"RC공사","거푸집","알루미늄폼","6-3-7 알루미늄폼 설치 및 해체('08년 신설, '17, '24년 보완)","일반층  및 해체, 벽식기준","㎡","형틀목공 4인, 보통인부 1인 기준","인력 생산성",0.0,4.0,0.0,0.0,0.0,0.0,0.0,1.0,0.0,0.0,70.0,70.0
214,"RC공사","거푸집","유로폼
수직고 7m 이하","6-3-3 유로폼 설치 및 해체('08, '09, '17, '22년 보완)","간단","㎡","형틀목공 4인, 보통인부 1인 기준","인력 생산성",0.0,4.0,0.0,0.0,0.0,0.0,0.0,1.0,0.0,0.0,40.0,65.0
215,"RC공사","거푸집","유로폼
수직고 7m 이하","6-3-3 유로폼 설치 및 해체('08, '09, '17, '22년 보완)","보통","㎡","형틀목공 4인, 보통인부 1인 기준","인력 생산성",0.0,4.0,0.0,0.0,0.0,0.0,0.0,1.0,0.0,0.0,35.0,50.0
216,"RC공사","거푸집","유로폼
수직고 7m 이하","6-3-3 유로폼 설치 및 해체('08, '09, '17, '22년 보완)","보통(해체)","㎡","","",0.0,0.0,0.0,0.0,0.0,0.0,0.0,0.0,0.0,0.0,0.0,115.0
217,"RC공사","거푸집","유로폼
수직고 7m 이하","6-3-3 유로폼 설치 및 해체('08, '09, '17, '22년 보완)","복잡","㎡","형틀목공 4인, 보통인부 1인 기준","인력 생산성",0.0,4.0,0.0,0.0,0.0,0.0,0.0,1.0,0.0,0.0,25.0,0.0
224,"RC공사","거푸집","종이거푸집(원형)","","종이거푸집(원형)","㎡","","",0.0,0.0,0.0,0.0,0.0,0.0,0.0,0.0,0.0,0.0,28.57,0.0
206,"RC공사","거푸집","합판거푸집","6-3-1 합판거푸집 설치 및 해체('01, '08, '09, '17, '18, '22, '24년 보완)","간단","㎡","형틀목공 5인, 보통인부 2인 기준","인력 생산성",0.0,5.0,0.0,0.0,0.0,0.0,0.0,2.0,0.0,0.0,50.0,70.0
211,"RC공사","거푸집","합판거푸집","6-3-1 합판거푸집 설치 및 해체('01, '08, '09, '17, '18, '22, '24년 보완)","간단(3회)","㎡","","",0.0,0.0,0.0,0.0,0.0,0.0,0.0,0.0,0.0,0.0,28.57,0.0
210,"RC공사","거푸집","합판거푸집","6-3-1 합판거푸집 설치 및 해체('01, '08, '09, '17, '18, '22, '24년 보완)","곡면","㎡","","",0.0,0.0,0.0,0.0,0.0,0.0,0.0,0.0,0.0,0.0,41.66,0.0
207,"RC공사","거푸집","합판거푸집","6-3-1 합판거푸집 설치 및 해체('01, '08, '09, '17, '18, '22, '24년 보완)","보통","㎡","형틀목공 5인, 보통인부 2인 기준","인력 생산성",0.0,5.0,0.0,0.0,0.0,0.0,0.0,2.0,0.0,0.0,45.0,60.0
212,"RC공사","거푸집","합판거푸집","6-3-1 합판거푸집 설치 및 해체('01, '08, '09, '17, '18, '22, '24년 보완)","보통(4회)","㎡","","",0.0,0.0,0.0,0.0,0.0,0.0,0.0,0.0,0.0,0.0,34.72,0.0
208,"RC공사","거푸집","합판거푸집","6-3-1 합판거푸집 설치 및 해체('01, '08, '09, '17, '18, '22, '24년 보완)","복잡","㎡","형틀목공 5인, 보통인부 2인 기준","인력 생산성",0.0,5.0,0.0,0.0,0.0,0.0,0.0,2.0,0.0,0.0,30.0,40.0
213,"RC공사","거푸집","합판거푸집","6-3-1 합판거푸집 설치 및 해체('01, '08, '09, '17, '18, '22, '24년 보완)","복잡(6회)","㎡","","",0.0,0.0,0.0,0.0,0.0,0.0,0.0,0.0,0.0,0.0,41.66,0.0
209,"RC공사","거푸집","합판거푸집","6-3-1 합판거푸집 설치 및 해체('01, '08, '09, '17, '18, '22, '24년 보완)","복잡(해체)","㎡","","",0.0,0.0,0.0,0.0,0.0,0.0,0.0,0.0,0.0,0.0,0.0,100.0
202,"RC공사","철근 현장","가공","6-2-2 현장가공('08, '14, '22, '24년 보완)","Type-Ⅱ 기준",ton,"철근공 3인, 보통인부 1인 기준","인력 생산성",0.0,3.0,0.0,0.0,0.0,0.0,0.0,1.0,0.0,0.0,4.0,4.37
204,"RC공사","철근 현장","조립(건축)","","건축 TYPE-Ⅰ 기준",ton,"철근공 6인, 보통인부 2인 기준","인력 생산성",0.0,6.0,0.0,0.0,0.0,0.0,0.0,2.0,0.0,0.0,3.4,3.4
205,"RC공사","철근 현장","조립(건축)","","건축 TYPE-Ⅱ 기준",ton,"철근공 6인, 보통인부 2인 기준","인력 생산성",0.0,6.0,0.0,0.0,0.0,0.0,0.0,2.0,0.0,0.0,3.0,3.0
203,"RC공사","철근 현장","조립(토목)","6-2-3 현장조립('08, '14, '22, '24년 보완)","토목 Type-Ⅱ-1 기준",ton,"철근공 5인, 보통인부 2인 기준","인력 생산성",0.0,5.0,0.0,0.0,0.0,0.0,0.0,2.0,0.0,0.0,2.6,2.5
225,"RC공사","타설","콘크리트 펌프카","6-1-4 콘크리트 펌프차 타설('08, '09, '17, '22, '24년 보완)","슬럼프: 15cm, 시설유형 TYPE-Ⅰ, 현장조건(f2) TYPE-Ⅱ (무근구조물)","㎥","콘크리트 펌프카 1대 기준","장비 생산성",0.0,0.0,0.0,0.0,0.0,0.0,0.0,0.0,135.0,1.0,189.0,189.0
227,"RC공사","타설","콘크리트 펌프카","6-1-4 콘크리트 펌프차 타설('08, '09, '17, '22, '24년 보완)","슬럼프: 15cm, 시설유형 TYPE-Ⅱ, 현장조건(f2) TYPE-Ⅱ (철근구조물)","㎥","콘크리트 펌프카 1대 기준","장비 생산성",0.0,0.0,0.0,0.0,0.0,0.0,0.0,0.0,130.0,1.0,130.0,130.0
226,"RC공사","타설","콘크리트 펌프카","6-1-4 콘크리트 펌프차 타설('08, '09, '17, '22, '24년 보완)","슬럼프: 15cm, 시설유형 Type-Ⅱ, 현장조건 Type-Ⅰ기준 (철근구조물)","㎥","콘크리트 펌프카 1대 기준","장비 생산성",0.0,0.0,0.0,0.0,0.0,0.0,0.0,0.0,130.0,1.0,156.0,182.0
49,"가설공사","동바리","건축,기계설비","2-6-2 강관 동바리 설치 및 해체(건축, 기계설비)('16년 보완)","3.5m 초과 ~ 4.2m 이하, 간격 0.6m~0.9m","㎡","형틀목공 3인, 보통인부 1인 기준","인력 생산성",0.06,5.0,0.0,0.0,0.0,0.0,0.01,1.0,0.0,0.0,55.0,0.0
48,"가설공사","동바리","건축,기계설비","2-6-2 강관 동바리 설치 및 해체(건축, 기계설비)('16년 보완)","3.5m이하, 간격 0.6m~0.9m","㎡","형틀목공 3인, 보통인부 1인 기준","인력 생산성",0.05,5.0,0.0,0.0,0.0,0.0,0.01,2.0,0.0,0.0,65.0,100.0
54,"가설공사","동바리","시스템 동바리","2-6-3 시스템 동바리 설치 및 해체('01년 신설, '09, '16년 보완)","설치: 10m 초과 ∼ 20m 이하","공㎡","형틀목공 4인, 보통인부 1인 기준 크레인(15ton) 0.5대 기준","인력 생산성",0.68,4.0,0.0,0.0,0.0,0.0,0.21,1.0,0.25,1.0,105.0,0.0
56,"가설공사","동바리","시스템 동바리","2-6-3 시스템 동바리 설치 및 해체('01년 신설, '09, '16년 보완)","설치: 20m 초과 ~ 30m 이하","공㎡","형틀목공 4인, 보통인부 1인 기준 크레인(20ton) 0.5대 기준","인력 생산성",0.87,4.0,0.0,0.0,0.0,0.0,0.27,1.0,0.28,1.0,85.0,0.0
50,"가설공사","동바리","시스템 동바리","2-6-3 시스템 동바리 설치 및 해체('01년 신설, '09, '16년 보완)","설치: 5m 이하, 간격 0.6m~1.2m","공㎡","형틀목공 4인, 보통인부 1인 기준","인력 생산성",0.58,4.0,0.0,0.0,0.0,0.0,0.18,1.0,0.17,1.0,130.0,69.0
52,"가설공사","동바리","시스템 동바리","2-6-3 시스템 동바리 설치 및 해체('01년 신설, '09, '16년 보완)","설치: 5m 초과 ~ 10m이하, 간격 0.6m~1.2m","공㎡","형틀목공 4인, 보통인부 1인 기준 크레인(15ton) 0.5대 기준","인력 생산성",0.58,4.0,0.0,0.0,0.0,0.0,0.18,1.0,0.17,1.0,120.0,69.0
55,"가설공사","동바리","시스템 동바리","2-6-3 시스템 동바리 설치 및 해체('01년 신설, '09, '16년 보완)","해체: 10m 초과 ∼ 20m 이하","공㎡","형틀목공 4인, 보통인부 1인 기준 크레인(15ton) 0.5대 기준","인력 생산성",0.68,2.0,0.0,0.0,0.0,0.0,0.21,2.0,0.25,1.0,140.0,0.0
57,"가설공사","동바리","시스템 동바리","2-6-3 시스템 동바리 설치 및 해체('01년 신설, '09, '16년 보완)","해체: 20m 초과 ~ 30m 이하","공㎡","형틀목공 4인, 보통인부 1인 기준 크레인(20ton) 0.5대 기준","인력 생산성",0.87,2.0,0.0,0.0,0.0,0.0,0.27,2.0,0.28,1.0,115.0,0.0
51,"가설공사","동바리","시스템 동바리","2-6-3 시스템 동바리 설치 및 해체('01년 신설, '09, '16년 보완)","해체: 5m 이하, 간격 0.6m~1.2m","공㎡","형틀목공 4인, 보통인부 1인 기준","인력 생산성",0.58,2.0,0.0,0.0,0.0,0.0,0.18,2.0,0.17,1.0,150.0,0.0
53,"가설공사","동바리","시스템 동바리","2-6-3 시스템 동바리 설치 및 해체('01년 신설, '09, '16년 보완)","해체: 5m 초과 ~ 10m이하, 간격 0.6m~1.2m","공㎡","형틀목공 4인, 보통인부 1인 기준 크레인(15ton) 0.5대 기준","인력 생산성",0.58,2.0,0.0,0.0,0.0,0.0,0.18,2.0,0.17,1.0,150.0,0.0
45,"가설공사","동바리","토목","2-6-1 강관 동바리 설치 및 해체(토목)('09, '16년 보완)","2.5m 이하","공㎡","형틀목공 3인, 보통인부 1인 기준","인력 생산성",0.54,3.0,0.0,0.0,0.0,0.0,0.21,1.0,0.0,0.0,50.0,0.0
46,"가설공사","동바리","토목","2-6-1 강관 동바리 설치 및 해체(토목)('09, '16년 보완)","2.5m 초과 ~ 3.5m 이하, 간격 0.6m~0.8m","공㎡","형틀목공 3인, 보통인부 1인 기준","인력 생산성",0.58,3.0,0.0,0.0,0.0,0.0,0.23,1.0,0.0,0.0,45.0,51.0
47,"가설공사","동바리","토목","2-6-1 강관 동바리 설치 및 해체(토목)('09, '16년 보완)","3.5m 초과 ~ 4.2m 이하","공㎡","형틀목공 3인, 보통인부 1인 기준","인력 생산성",0.63,3.0,0.0,0.0,0.0,0.0,0.25,1.0,0.0,0.0,40.0,0.0
34,"가설공사","비계","강관비계","2-7-1 강관비계 설치 및 해체('09, '16년 보완)","10m 이하 (쌍줄비계)","㎡","비계공 3인, 보통인부 1인 기준","인력 생산성",0.05,3.0,0.0,0.0,0.0,0.0,0.02,1.0,0.0,0.0,55.0,60.0
35,"가설공사","비계","강관비계","2-7-1 강관비계 설치 및 해체('09, '16년 보완)","10m 초과 ~ 20m 이하 (쌍줄비계)","㎡","비계공 3인, 보통인부 1인 기준","인력 생산성",0.06,3.0,0.0,0.0,0.0,0.0,0.02,1.0,0.0,0.0,45.0,0.0
36,"가설공사","비계","강관비계","2-7-1 강관비계 설치 및 해체('09, '16년 보완)","20m 초과 ~ 30m 이하 (쌍줄비계)","㎡","비계공 3인, 보통인부 1인 기준","인력 생산성",0.07,3.0,0.0,0.0,0.0,0.0,0.02,1.0,0.0,0.0,40.0,0.0
37,"가설공사","비계","강관틀비계","2-7-3 강관틀 비계 설치 및 해체('16년 보완)","10m 이하","㎡","비계공 1인, 보통인부 1인 기준","인력 생산성",0.02,3.0,0.0,0.0,0.0,0.0,0.01,1.0,0.0,0.0,150.0,0.0
38,"가설공사","비계","강관틀비계","2-7-3 강관틀 비계 설치 및 해체('16년 보완)","10m 초과 ~ 20m 이하","㎡","비계공 1인, 보통인부 1인 기준","인력 생산성",0.03,3.0,0.0,0.0,0.0,0.0,0.01,1.0,0.0,0.0,100.0,0.0
41,"가설공사","비계","시스템비계","2-7-2 시스템비계 설치 및 해체(인력)","설치: 10m 초과~20m 이하","㎡","비계공 4인, 보통인부 1인 기준","인력 생산성",0.06,4.0,0.0,0.0,0.0,0.0,0.01,1.0,0.0,0.0,130.0,0.0
39,"가설공사","비계","시스템비계","2-7-2 시스템비계 설치 및 해체(인력)","설치: 10m이하","㎡","비계공 4인, 보통인부 1인 기준","인력 생산성",0.04,4.0,0.0,0.0,0.0,0.0,0.01,1.0,0.0,0.0,150.0,100.0
43,"가설공사","비계","시스템비계","2-7-2 시스템비계 설치 및 해체(인력)","설치: 20m 초과 ~ 30m 이하","㎡","비계공 4인, 보통인부 1인 기준","인력 생산성",0.05,4.0,0.0,0.0,0.0,0.0,0.01,1.0,0.0,0.0,110.0,0.0
42,"가설공사","비계","시스템비계","2-7-2 시스템비계 설치 및 해체(인력)","해체: 10m 초과~20m 이하","㎡","비계공 2인, 보통인부 2인 기준","인력 생산성",0.04,4.0,0.0,0.0,0.0,0.0,0.01,1.0,0.0,0.0,130.0,0.0
40,"가설공사","비계","시스템비계","2-7-2 시스템비계 설치 및 해체(인력)","해체: 10m이하","㎡","비계공 2인, 보통인부 2인 기준","인력 생산성",0.05,4.0,0.0,0.0,0.0,0.0,0.01,1.0,0.0,0.0,150.0,100.0
44,"가설공사","비계","시스템비계","2-7-2 시스템비계 설치 및 해체(인력)","해체: 20m 초과 ~ 30m 이하","㎡","비계공 2인, 보통인부 2인 기준","인력 생산성",0.06,4.0,0.0,0.0,0.0,0.0,0.01,1.0,0.0,0.0,110.0,0.0
2,"공통가설","가설건축물","가설사무실","","토목공사 기준","일","","",0.0,0.0,0.0,0.0,0.0,0.0,0.0,0.0,0.0,0.0,0.0,77.0
4,"공통가설","가설건축물","철제조립식","2-3-1 철제조립식 가설건축물 설치 및 해체('92년 신설, '09, '22년 보완)","사무소 350m2 (목공-1인, 보통-1인)","㎡","건축목공 1인, 보통인부 1인, 크레인(10ton) 1대 기준","인력 생산성",0.26,1.0,0.0,0.0,0.0,0.0,0.11,1.0,0.19,1.0,2.7027027027027,0.0
5,"공통가설","가설건축물","철제조립식","2-3-1 철제조립식 가설건축물 설치 및 해체('92년 신설, '09, '22년 보완)","창고 80m2 (목공-1인, 보통-1인)","㎡","건축목공 1인, 보통인부 1인, 크레인(10ton) 1대 기준","인력 생산성",0.2,1.0,0.0,0.0,0.0,0.0,0.09,1.0,0.15,1.0,3.44827586206897,0.0
3,"공통가설","가설건축물","컨테이너형","2-3-2 콘테이너형 가설건축물 설치 및 해체('09, '22년 보완)","3*9 기준(27m2)","개소","비계공 1인, 특별인부 1인, 크레인(10ton) 1대 기준","장비 생산성",0.78,1.0,0.0,0.0,0.38,1.0,0.0,0.0,2.0,1.0,4.0,8.0
14,"공통가설","가설울타리","H형강지주","2-4-2 H형강 지주 설치 및 해체","설치: H형강지주 11m 이하(지주간격 2m)",m,"비계공 3인, 보통인부 1인, 굴착기(0.2㎥) 0.5대, 크레인 1대 기준","장비 생산성",0.0,0.0,0.0,0.0,0.0,0.0,0.0,0.0,0.0,0.0,25.0,0.0
10,"공통가설","가설울타리","H형강지주","2-4-2 H형강 지주 설치 및 해체","설치: H형강지주 4m 이하(지주간격 2m)",m,"비계공 3인, 보통인부 1인, 굴착기(0.2㎥) 0.5대 기준","장비 생산성",0.49,1.0,0.18,1.0,0.0,0.0,0.0,0.0,0.63,1.0,70.0,30.0
12,"공통가설","가설울타리","H형강지주","2-4-2 H형강 지주 설치 및 해체","설치: H형강지주 7m 이하(지주간격 2m)",m,"비계공 3인, 보통인부 1인, 굴착기(0.2㎥) 0.5대 기준","장비 생산성",0.0,0.0,0.0,0.0,0.0,0.0,0.0,0.0,0.0,0.0,40.0,0.0
15,"공통가설","가설울타리","H형강지주","2-4-2 H형강 지주 설치 및 해체","해체: H형강지주 11m 이하(지주간격 2m)",m,"비계공 3인, 보통인부 1인, 굴착기(0.2㎥) 0.5대, 크레인 1대 기준","장비 생산성",0.0,0.0,0.0,0.0,0.0,0.0,0.0,0.0,0.0,0.0,25.0,0.0
11,"공통가설","가설울타리","H형강지주","2-4-2 H형강 지주 설치 및 해체","해체: H형강지주 4m 이하(지주간격 2m)",m,"비계공 3인, 보통인부 1인, 굴착기(0.2㎥) 0.5대 기준","장비 생산성",0.0,0.0,0.0,0.0,0.0,0.0,0.0,0.0,0.0,0.0,170.0,0.0
13,"공통가설","가설울타리","H형강지주","2-4-2 H형강 지주 설치 및 해체","해체: H형강지주 7m 이하(지주간격 2m)",m,"비계공 3인, 보통인부 1인, 굴착기(0.2㎥) 0.5대 기준","장비 생산성",0.0,0.0,0.0,0.0,0.0,0.0,0.0,0.0,0.0,0.0,100.0,0.0
24,"공통가설","가설울타리","가설방음판","2-4-4 세로형 가설방음판 설치 및 해체","설치: 울타리판 높이 10.0m이하",m,"비계공 3인, 보통인부 1인 기준","인력 생산성",0.28,1.0,0.0,0.0,0.0,0.0,0.1,1.0,0.0,0.0,90.0,0.0
20,"공통가설","가설울타리","가설방음판","2-4-4 세로형 가설방음판 설치 및 해체","설치: 울타리판 높이 3.0m이하",m,"비계공 3인, 보통인부 1인 기준","인력 생산성",0.24,1.0,0.0,0.0,0.0,0.0,0.09,1.0,0.0,0.0,120.0,0.0
22,"공통가설","가설울타리","가설방음판","2-4-4 세로형 가설방음판 설치 및 해체","설치: 울타리판 높이 6.0m이하",m,"비계공 3인, 보통인부 1인 기준","인력 생산성",0.28,1.0,0.0,0.0,0.0,0.0,0.1,1.0,0.0,0.0,100.0,0.0
25,"공통가설","가설울타리","가설방음판","2-4-4 세로형 가설방음판 설치 및 해체","해체: 울타리판 높이 10.0m이하",m,"비계공 3인, 보통인부 1인 기준","인력 생산성",0.11,1.0,0.0,0.0,0.0,0.0,0.04,1.0,0.0,0.0,230.0,0.0
21,"공통가설","가설울타리","가설방음판","2-4-4 세로형 가설방음판 설치 및 해체","해체: 울타리판 높이 3.0m이하",m,"비계공 3인, 보통인부 1인 기준","인력 생산성",0.1,1.0,0.0,0.0,0.0,0.0,0.03,1.0,0.0,0.0,300.0,0.0
23,"공통가설","가설울타리","가설방음판","2-4-4 세로형 가설방음판 설치 및 해체","해체: 울타리판 높이 6.0m이하",m,"비계공 3인, 보통인부 1인 기준","인력 생산성",0.11,1.0,0.0,0.0,0.0,0.0,0.04,1.0,0.0,0.0,260.0,0.0
30,"공통가설","가설울타리","가설방음판","2-4-5 가로형 가설방음판 설치 및 해체","설치: 울타리판 높이 10.0m이하",m,"비계공 3인, 보통인부 1인 기준","인력 생산성",0.28,1.0,0.0,0.0,0.0,0.0,0.1,1.0,0.0,0.0,35.0,0.0
26,"공통가설","가설울타리","가설방음판","2-4-5 가로형 가설방음판 설치 및 해체","설치: 울타리판 높이 3.0m이하",m,"비계공 3인, 보통인부 1인 기준","인력 생산성",0.24,1.0,0.0,0.0,0.0,0.0,0.09,1.0,0.0,0.0,50.0,0.0
28,"공통가설","가설울타리","가설방음판","2-4-5 가로형 가설방음판 설치 및 해체","설치: 울타리판 높이 6.0m이하",m,"비계공 3인, 보통인부 1인 기준","인력 생산성",0.28,1.0,0.0,0.0,0.0,0.0,0.1,1.0,0.0,0.0,40.0,0.0
31,"공통가설","가설울타리","가설방음판","2-4-5 가로형 가설방음판 설치 및 해체","해체: 울타리판 높이 10.0m이하",m,"비계공 3인, 보통인부 1인 기준","인력 생산성",0.11,1.0,0.0,0.0,0.0,0.0,0.04,1.0,0.0,0.0,90.0,0.0
27,"공통가설","가설울타리","가설방음판","2-4-5 가로형 가설방음판 설치 및 해체","해체: 울타리판 높이 3.0m이하",m,"비계공 3인, 보통인부 1인 기준","인력 생산성",0.1,1.0,0.0,0.0,0.0,0.0,0.03,1.0,0.0,0.0,120.0,0.0
29,"공통가설","가설울타리","가설방음판","2-4-5 가로형 가설방음판 설치 및 해체","해체: 울타리판 높이 6.0m이하",m,"비계공 3인, 보통인부 1인 기준","인력 생산성",0.11,1.0,0.0,0.0,0.0,0.0,0.04,1.0,0.0,0.0,105.0,0.0
16,"공통가설","가설울타리","가설울타리판(EGI)","2-4-3 가설울타리판 설치 및 해체","설치: 울타리판 높이 3.0m이하",m,"비계공 3인, 보통인부 1인 기준","인력 생산성",0.26,3.0,0.0,0.0,0.0,0.0,0.09,1.0,0.0,0.0,110.0,115.0
18,"공통가설","가설울타리","가설울타리판(EGI)","2-4-3 가설울타리판 설치 및 해체","설치: 울타리판 높이 6.0m이하",m,"비계공 3인, 보통인부 1인 기준","인력 생산성",0.3,1.0,0.0,0.0,0.0,0.0,0.11,1.0,0.0,0.0,95.0,0.0
17,"공통가설","가설울타리","가설울타리판(EGI)","2-4-3 가설울타리판 설치 및 해체","해체: 울타리판 높이 3.0m이하",m,"비계공 3인, 보통인부 1인 기준","인력 생산성",0.1,1.0,0.0,0.0,0.0,0.0,0.04,1.0,0.0,0.0,280.0,0.0
19,"공통가설","가설울타리","가설울타리판(EGI)","2-4-3 가설울타리판 설치 및 해체","해체: 울타리판 높이 6.0m이하",m,"비계공 3인, 보통인부 1인 기준","인력 생산성",0.12,1.0,0.0,0.0,0.0,0.0,0.05,1.0,0.0,0.0,280.0,0.0
6,"공통가설","가설울타리","강관지주","2-4-1 강관 지주 설치 및 해체","설치: 강관지주 4m 이하(지주간격 2m)",m,"비계공 3인, 보통인부 1인, 굴착기(0.2㎥) 0.5대 기준","장비 생산성",0.49,1.0,0.18,1.0,0.0,0.0,0.0,0.0,0.63,1.0,100.0,100.0
8,"공통가설","가설울타리","강관지주","2-4-1 강관 지주 설치 및 해체","설치: 강관지주 7m 이하(지주간격 2m)",m,"비계공 3인, 보통인부 1인, 굴착기(0.2㎥) 0.5대 기준","장비 생산성",0.0,0.0,0.0,0.0,0.0,0.0,0.0,0.0,0.0,0.0,70.0,0.0
7,"공통가설","가설울타리","강관지주","2-4-1 강관 지주 설치 및 해체","해체: 강관지주 4m 이하(지주간격 2m)",m,"비계공 3인, 보통인부 1인, 굴착기(0.2㎥) 0.5대 기준","장비 생산성",0.0,0.0,0.0,0.0,0.0,0.0,0.0,0.0,0.0,0.0,250.0,0.0
9,"공통가설","가설울타리","강관지주","2-4-1 강관 지주 설치 및 해체","해체: 강관지주 7m 이하(지주간격 2m)",m,"비계공 3인, 보통인부 1인, 굴착기(0.2㎥) 0.5대 기준","장비 생산성",0.0,0.0,0.0,0.0,0.0,0.0,0.0,0.0,0.0,0.0,180.0,0.0
32,"공통가설","자동세륜기","","2-11-6 자동세륜기 설치 및 해체('09, '12, '19년 보완)","설치: 8롤(2200*5150*1000), 구체포함","회","크레인(10ton) 1대 기준","장비 생산성",0.0,0.0,0.0,0.0,0.0,0.0,0.0,0.0,2.6,1.0,3.07692307692308,0.0
33,"공통가설","자동세륜기","","2-11-6 자동세륜기 설치 및 해체('09, '12, '19년 보완)","해체: 8롤(2200*5150*1000), 구체포함","회","크레인(10ton) 1대 기준","장비 생산성",0.0,0.0,0.0,0.0,0.0,0.0,0.0,0.0,3.3,1.0,2.42424242424242,0.0
299,"금속공사","경량벽체틀","","8-2-5 경량벽체철골틀 설치('22년 신설, '24년 보완)","경량철골(스터드), 폭 150mm 이하","㎡","내장공 2인, 보통인부 1인","인력 생산성",0.0,2.0,0.0,0.0,0.0,0.0,0.0,1.0,0.0,0.0,65.0,65.0
307,"금속공사","경량천장철골틀","","8-2-4 경량천장철골틀 설치('02, '07, '16, '22, '24년 보완)","내진시스템, M-BAR (간건 300mm)","㎡","내장공 2인, 보통인부 1인 기준","인력 생산성",0.0,2.0,0.0,0.0,0.0,0.0,0.0,1.0,0.0,0.0,60.0,0.0
302,"금속공사","난간","앵커고정식 난간","8-2-2 앵커고정식난간 설치('97년 신설, '07, '16, '24년 보완)","공장제작 난간",m,"철공 2인, 보통인부 1인 기준","인력 생산성",0.0,2.0,0.0,0.0,0.0,0.0,0.0,1.0,0.0,0.0,43.0,0.0
301,"금속공사","난간","용접식 난간","8-2-1 용접식난간 설치('17, '24년 보완)","규격철물 설치",ton,"용접공 2인, 철공 1인, 보통인부 1인 기준","인력 생산성",0.0,2.0,0.0,1.0,0.0,0.0,0.0,1.0,0.0,0.0,0.28,0.0
300,"금속공사","난간","용접식 난간","8-2-1 용접식난간 설치('17, '24년 보완)","현장제장 설치",ton,"용접공 2인, 철공 2인, 보통인부 1인 기준","인력 생산성",0.0,2.0,0.0,2.0,0.0,0.0,0.0,1.0,0.0,0.0,0.22,0.0
305,"금속공사","외벽 패널","패널설치","","벽","10㎡","철공 3인, 보통인부 1인 기준","인력 생산성",0.0,0.0,0.39,1.0,0.0,0.0,0.24,1.0,0.0,0.0,65.0,0.0
306,"금속공사","외벽 패널","패널설치","","천장 ,지붕","10㎡","철공 3인, 보통인부 1인 기준","인력 생산성",0.0,0.0,0.47,1.0,0.0,0.0,0.29,1.0,0.0,0.0,55.0,0.0
303,"금속공사","외벽 패널","하지철물","8-2-6 금속패널 설치","벽","10㎡","용접공 2인, 철공 3인","인력 생산성",1.3,1.0,0.72,1.0,0.0,0.0,0.0,0.0,0.0,0.0,23.0,0.0
304,"금속공사","외벽 패널","하지철물","8-2-6 금속패널 설치","천장, 지붕","10㎡","용접공 2인, 철공 3인","인력 생산성",1.56,1.0,0.86,1.0,0.0,0.0,0.0,0.0,0.0,0.0,20.0,0.0
313,"기계설비공사","강관","","1-1-2 용접배관('93, '13, '15, '19, '25년 보완)","배관용 탄소 강관 및 스테인리스 강관(100mm)",m,"","",0.0,0.0,0.0,0.0,0.0,0.0,0.0,0.0,0.0,0.0,0.0,13.6
314,"기계설비공사","강관","","1-1-2 용접배관('93, '13, '15, '19, '25년 보완)","배관용 탄소 강관 및 스테인리스 강관(200mm)",m,"","",0.0,0.0,0.0,0.0,0.0,0.0,0.0,0.0,0.0,0.0,0.0,6.7
312,"기계설비공사","강관","","1-1-2 용접배관('93, '13, '15, '19, '25년 보완)","배관용 탄소 강관(100mm) -용접배관",m,"배관공 3인, 보통인부 1인 기준","인력 생산성",0.0,3.0,0.0,0.0,0.0,0.0,0.0,1.0,0.0,0.0,18.0,6.5
310,"기계설비공사","강관","","1-1-2 용접배관('93, '13, '15, '19, '25년 보완)","배관용 탄소 강관(32mm) -용접배관",m,"배관공 3인, 보통인부 1인 기준","인력 생산성",0.0,3.0,0.0,0.0,0.0,0.0,0.0,1.0,0.0,0.0,50.0,0.0
311,"기계설비공사","강관","","1-1-2 용접배관('93, '13, '15, '19, '25년 보완)","배관용 탄소 강관(50mm) -용접배관",m,"배관공 3인, 보통인부 1인 기준","인력 생산성",0.0,3.0,0.0,0.0,0.0,0.0,0.0,1.0,0.0,0.0,37.0,13.5
321,"기계설비공사","경질관","","1-5-1 접착제 접합 및 배관('13, '19, '25년 보완)","일반용 경질 폴리염화 비닐관(100mm) -접착제",m,"배관공 3인, 보통인부 1인 기준","인력 생산성",0.0,3.0,0.0,0.0,0.0,0.0,0.0,1.0,0.0,0.0,18.0,31.2
320,"기계설비공사","경질관","","1-5-1 접착제 접합 및 배관('13, '19, '25년 보완)","일반용 경질 폴리염화 비닐관(50mm) -접착제",m,"배관공 3인, 보통인부 1인 기준","인력 생산성",0.0,3.0,0.0,0.0,0.0,0.0,0.0,1.0,0.0,0.0,31.0,58.8
322,"기계설비공사","난방배관","","","옥내난방배관(20mm 이하)",m,"","",0.0,0.0,0.0,0.0,0.0,0.0,0.0,0.0,0.0,0.0,0.0,74.1
323,"기계설비공사","덕트공사(각형덕트 )","","2-1-1 아연도금강판덕트(각형덕트) 설치('15, '16, '21, '24년 보완)","아연도금 강판덕트(0.6mm) -각형","㎡","배관공 3인, 보통인부 1인 기준","인력 생산성",0.0,3.0,0.0,0.0,0.0,0.0,0.0,1.0,0.0,0.0,20.0,29.2
317,"기계설비공사","스테인레스 강관","","1-3-2 용접배관('92, '13, '19, '25년 보완)","일반 배관용 스테인리스 강관(100mm) -용접배관",m,"배관공 3인, 보통인부 1인 기준","인력 생산성",0.0,3.0,0.0,0.0,0.0,0.0,0.0,1.0,0.0,0.0,18.0,12.6
315,"기계설비공사","스테인레스 강관","","1-3-2 용접배관('92, '13, '19, '25년 보완)","일반 배관용 스테인리스 강관(25mm) -용접배관",m,"배관공 3인, 보통인부 1인 기준","인력 생산성",0.0,3.0,0.0,0.0,0.0,0.0,0.0,1.0,0.0,0.0,58.0,37.7
316,"기계설비공사","스테인레스 강관","","1-3-2 용접배관('92, '13, '19, '25년 보완)","일반 배관용 스테인리스 강관(50mm) -용접배관",m,"배관공 3인, 보통인부 1인 기준","인력 생산성",0.0,3.0,0.0,0.0,0.0,0.0,0.0,1.0,0.0,0.0,35.0,25.3
318,"기계설비공사","주철관","","1-4-1 기계식접합 및 배관('96, '01, '13, '19, '25년 보완)","배수용 주철관(100mm) -기계식 접합","접합개소","배관공 3인, 보통인부 1인 기준","인력 생산성",0.0,3.0,0.0,0.0,0.0,0.0,0.0,1.0,0.0,0.0,10.0,10.0
319,"기계설비공사","주철관","","1-4-1 기계식접합 및 배관('96, '01, '13, '19, '25년 보완)","배수용 주철관(200mm) -기계식접합","접합개소","배관공 3인, 보통인부 1인 기준","인력 생산성",0.0,3.0,0.0,0.0,0.0,0.0,0.0,1.0,0.0,0.0,6.0,4.0
309,"도장공사","수성페인트","벽 및 천장","11-2-1 수성페인트 붓칠('15년 보완)","바탕만들기+수성페인트 롤러칠","㎡","도장공 1인, 보통인부 1인 기준","인력 생산성",0.012,1.0,0.0,0.0,0.0,0.0,0.002,1.0,0.0,0.0,83.3333333333333,0.0
308,"도장공사","에폭시코팅","","11-2-8 에폭시 페인트칠('01년 신설, '15년 보완)","바닥,0.3mm","㎡","도장공 1인, 보통인부 1인 기준","인력 생산성",0.039,1.0,0.0,0.0,0.0,0.0,0.008,1.0,0.0,0.0,25.6410256410256,0.0
273,"목공사","목재데크","","4-3-3 목재데크 설치('24년 보완)","볼트고정","㎡","건축목공 3인, 보통인부 1인 기준","인력 생산성",0.0,3.0,0.0,0.0,0.0,0.0,0.0,1.0,0.0,0.0,18.0,17.0
272,"목공사","목재데크틀","","4-3-2 목재데크틀 설치('24년 보완)","구조유형 : 평구조",ton,"철공 3인, 용접공 1인, 보통인부 1인 기준","인력 생산성",0.0,3.0,0.0,1.0,0.0,0.0,0.0,1.0,0.0,0.0,0.4,0.9
275,"목공사","벽체합판","","4-2-3 벽체합판 설치('24년 보완)","벽체 바탕 위 목재합판","㎡","건축목공 2인, 보통인부 1인 기준","인력 생산성",0.0,2.0,0.0,0.0,0.0,0.0,0.0,1.0,0.0,0.0,40.0,40.0
276,"목공사","수장합판","","4-2-4 수장합판 설치('24년 보완)","바탕합판 위 수장합판","㎡","건축목공 2인, 보통인부 1인 기준","인력 생산성",0.0,2.0,0.0,0.0,0.0,0.0,0.0,1.0,0.0,0.0,37.0,37.0
274,"목공사","칸막이벽틀","","4-2-2 칸막이벽틀 설치('24년 보완)","틀간격 450∼600㎜","㎡","건축목공 2인, 보통인부 1인 기준","인력 생산성",0.0,2.0,0.0,0.0,0.0,0.0,0.0,1.0,0.0,0.0,20.0,20.0
245,"미장공사","경량기포 콘크리트 타설","","9-1-3 모르타르 타설('14, '15, '19, '22, '25년 보완)","모르타르 타설(스티로폴 입자/기포액)","㎥","미장공 2인, 기계설비공 1인, 보통인부 2인 기준","인력 생산성",0.0,2.0,0.0,1.0,0.0,0.0,0.0,2.0,0.0,0.0,65.0,113.0
241,"미장공사","모르타르","바름","9-1-2 모르타르 바름('14, '15, '19, '25년 보완)","바름두께/횟수 : 24mm이하/2회","㎡","미장공 2인, 보통인부 1인 기준","인력 생산성",0.0,2.0,0.0,0.0,0.0,0.0,0.0,1.0,0.0,0.0,29.0,42.0
242,"미장공사","모르타르","타설","9-1-3 모르타르 타설('14, '15, '19, '22, '25년 보완)","모르타르 타설","㎥","미장공 2인, 기계설비공 1인, 보통인부 2인 기준","인력 생산성",0.0,2.0,0.0,1.0,0.0,0.0,0.0,2.0,0.0,0.0,50.0,85.0
244,"미장공사","콘크리트면 마무리","","9-2-1 콘크리트면 정리('14, '19, '25년 보완)","시멘트페이스트 전면마감, 시공높이 3.6m 이하","일","미장공 2인, 보통인부 1인 기준","인력 생산성",0.0,2.0,0.0,0.0,0.0,0.0,0.0,1.0,0.0,0.0,120.0,92.72
243,"미장공사","콘크리트면 마무리","","9-2-1 콘크리트면 정리('14, '19, '25년 보완)","콘크리트면 연마, 시공높이 3.6m 이하","일","견출공 1인 기준","인력 생산성",0.0,1.0,0.0,0.0,0.0,0.0,0.0,0.0,0.0,0.0,100.0,77.27
248,"방수공사","도막방수","","6-2-1 도막바름('23년 보완)","도막 1층, 바닥","㎡","방수공 1인, 보통인부 1인 기준","인력 생산성",0.015,3.0,0.0,0.0,0.0,0.0,0.009,1.0,0.0,0.0,200.0,200.0
249,"방수공사","도막방수","","6-2-1 도막바름('23년 보완)","무절점복합방수, 벽, 비노출","㎡","방수공 1인, 보통인부 1인 기준","인력 생산성",0.02,3.0,0.0,0.0,0.0,0.0,0.012,1.0,0.0,0.0,150.0,0.0
246,"방수공사","바탕처리","","6-1-1 바탕처리('18, '23년 보완)","콘크리트 바닥 바탕처리, 현장유형: 보통","㎥","방수공 1인, 보통인부 1인 기준","인력 생산성",0.03,3.0,0.0,0.0,0.0,0.0,0.012,1.0,0.0,0.0,100.0,100.0
247,"방수공사","방수 프라이머 바름","","6-1-2 방수프라이머 바름('18년 보완)","시공방법 : 롤러 1층(회) 바닥 바름","㎡","방수공 1인, 보통인부 1인 기준","인력 생산성",0.012,3.0,0.0,0.0,0.0,0.0,0.004,1.0,0.0,0.0,250.0,272.0
252,"방수공사","배수판","","","지하용수, 500*500*45㎜","㎡","","",0.0,0.0,0.0,0.0,0.0,0.0,0.0,0.0,0.0,0.0,62.5,0.0
253,"방수공사","수밀코킹","","6-6-1 수밀코킹('18년 보완)","실리콘. 10㎜, 창호주위",m,"코킹공 1인 기준","인력 생산성",0.025,1.0,0.0,0.0,0.0,0.0,0.0,0.0,0.0,0.0,40.0,0.0
250,"방수공사","시멘트 액체방수","","6-4-1 시멘트 액체방수 바름('09, '18, '23년 보완)","시공방법 : 시멘트 페이스트 1차, 2차 (바닥)","㎡","방수공 1인, 보통인부 1인 기준","인력 생산성",0.075,3.0,0.0,0.0,0.0,0.0,0.04,1.0,0.0,0.0,40.0,40.0
251,"방수공사","시트방수","","6-3-2 접착식시트 붙임('18, '23년 보완)","시공방법 : 접착식 시트 1겹 붙임 (바닥)","㎡","방수공 1인, 보통인부 1인 기준","인력 생산성",0.034,3.0,0.0,0.0,0.0,0.0,0.02,1.0,0.0,0.0,88.2352941176471,88.0
254,"방수공사","신축줄눈","","6-6-3 줄눈 설치('18년 신설)","옥상, SAW CUT+코킹",m,"방수공 1인, 보통인부 1인 기준","인력 생산성",0.005,1.0,0.0,0.0,0.0,0.0,0.001,1.0,0.0,0.0,200.0,0.0
255,"방수공사","창호주위 충전","","9-3-1 창호주위 모르타르 충전('14, '20년 보완)","모르타르",10m,"미장공 1인, 보통인부 1인 기준","인력 생산성",0.14,1.0,0.0,0.0,0.0,0.0,0.04,1.0,0.0,0.0,7.14285714285714,0.0
328,"부대토목공사","배수관","","","강관(직경 800mm, 접합제외)",m,"","",0.0,0.0,0.0,0.0,0.0,0.0,0.0,0.0,0.0,0.0,0.0,38.0
329,"부대토목공사","배수관","","","강관압입추진(직경 800mm, 접합제외)",m,"","",0.0,0.0,0.0,0.0,0.0,0.0,0.0,0.0,0.0,0.0,0.0,3.0
327,"부대토목공사","배수관","","","흄관,V.R관(직경 600mm, 고무링접합)",m,"","",0.0,0.0,0.0,0.0,0.0,0.0,0.0,0.0,0.0,0.0,0.0,43.0
326,"부대토목공사","암거공","","","날개벽(B=2.5m, H=2.4m, L=5m)","일/1span","","",0.0,0.0,0.0,0.0,0.0,0.0,0.0,0.0,0.0,0.0,0.0,13.0
324,"부대토목공사","암거공","","","지중강판(B=5m, L=15m)","일/1span","","",0.0,0.0,0.0,0.0,0.0,0.0,0.0,0.0,0.0,0.0,0.0,42.0
325,"부대토목공사","암거공","","","철근콘크리트(B=3m, H=1.8m, L=15m)","일/1span","","",0.0,0.0,0.0,0.0,0.0,0.0,0.0,0.0,0.0,0.0,0.0,27.0
331,"부대토목공사","옹벽","","3-8-2 블록 설치('07년 신설, '08, '15, '20년 보완)","보강토 옹벽(블록식, 뒤채움 제외)","㎡","특별인부 1인, 보통인부 1인, 크레인(10ton) 기준","장비 생산성",0.0,0.0,0.0,0.0,0.21,1.0,0.09,1.0,0.5,1.0,4.76190476190476,0.0
330,"부대토목공사","옹벽","","3-8-2 블록 설치('07년 신설, '08, '15, '20년 보완)","콘크리트 옹벽(B=4m, H=5m, L=15m)","일/1span","","",0.0,0.0,0.0,0.0,0.0,0.0,0.0,0.0,0.0,0.0,0.0,7.95
333,"부대토목공사","측구공","","1-8-15 L형측구 설치(포설식)('21년 신설, '24년 보완)","L형측구(B=0.9m, H=2.3m, L=20m)","일/1span","","",0.0,0.0,0.0,0.0,0.0,0.0,0.0,0.0,0.0,0.0,0.0,8.0
332,"부대토목공사","측구공","","1-8-15 L형측구 설치(포설식)('21년 신설, '24년 보완)","L형측구(H=1.2m, 2회 포설)",m,"포장공 3인, 보통인부 2인, 굴착기(0.6㎥) 1대 기준","장비 생산성",0.0,3.0,0.0,0.0,0.0,0.0,0.0,2.0,0.0,1.0,220.0,0.0
334,"부대토목공사","측구공","","1-8-15 L형측구 설치(포설식)('21년 신설, '24년 보완)","U형측구(B=1.08m, H=1.0m, L=20m)","일/1span","","",0.0,0.0,0.0,0.0,0.0,0.0,0.0,0.0,0.0,0.0,0.0,9.0
335,"부대토목공사","측구공","","1-8-15 L형측구 설치(포설식)('21년 신설, '24년 보완)","V형측구(B=1.46m, H=0.8m, L=20m)","일/1span","","",0.0,0.0,0.0,0.0,0.0,0.0,0.0,0.0,0.0,0.0,0.0,8.0
336,"부대토목공사","측구공","","1-8-15 L형측구 설치(포설식)('21년 신설, '24년 보완)","산마루 측구(B=1.34m, H=1.15m, L=20m)","일/1span","","",0.0,0.0,0.0,0.0,0.0,0.0,0.0,0.0,0.0,0.0,0.0,8.0
337,"부대토목공사","포장공사","아스팔트포장
(기계시공/본선포장)","1-5-4 아스팔트 기층 기계포설(대형장비)('24년 보완)","기층(3m≤폭/5~7cm)","㎡","포장공 4인, 보통인부 1인, 머캐덤롤러 1대 기준","장비 생산성",0.0,4.0,0.0,0.0,0.0,1.0,0.0,0.0,0.0,1.0,4900.0,0.0
338,"부대토목공사","포장공사","아스팔트포장
(기계시공/본선포장)","1-5-4 아스팔트 기층 기계포설(대형장비)('24년 보완)","기층(3m≤폭/8~10cm)","㎡","포장공 4인, 보통인부 1인, 머캐덤롤러 1대 기준","장비 생산성",0.0,4.0,0.0,0.0,0.0,1.0,0.0,0.0,0.0,1.0,4500.0,0.0
339,"부대토목공사","포장공사","아스팔트포장
(기계시공/본선포장)","1-5-4 아스팔트 기층 기계포설(대형장비)('24년 보완)","동상방지층(선택)","㎥","","",0.0,0.0,0.0,0.0,0.0,0.0,0.0,0.0,0.0,0.0,0.0,600.0
340,"부대토목공사","포장공사","아스팔트포장
(기계시공/본선포장)","1-5-4 아스팔트 기층 기계포설(대형장비)('24년 보완)","보조기층","㎥","","",0.0,0.0,0.0,0.0,0.0,0.0,0.0,0.0,0.0,0.0,0.0,550.0
345,"부대토목공사","포장공사","아스팔트포장
(기계시공/본선포장)","1-5-4 아스팔트 기층 기계포설(대형장비)('24년 보완)","부대공사","일/km","","",0.0,0.0,0.0,0.0,0.0,0.0,0.0,0.0,0.0,0.0,0.0,3.0
341,"부대토목공사","포장공사","아스팔트포장
(기계시공/본선포장)","1-5-4 아스팔트 기층 기계포설(대형장비)('24년 보완)","택코팅","㎡","","",0.0,0.0,0.0,0.0,0.0,0.0,0.0,0.0,0.0,0.0,0.0,20000.0
343,"부대토목공사","포장공사","아스팔트포장
(기계시공/본선포장)","1-5-4 아스팔트 기층 기계포설(대형장비)('24년 보완)","택코팅","㎡","","",0.0,0.0,0.0,0.0,0.0,0.0,0.0,0.0,0.0,0.0,0.0,20000.0
342,"부대토목공사","포장공사","아스팔트포장
(기계시공/본선포장)","1-5-4 아스팔트 기층 기계포설(대형장비)('24년 보완)","프라임코팅","㎡","","",0.0,0.0,0.0,0.0,0.0,0.0,0.0,0.0,0.0,0.0,0.0,20000.0
344,"부대토목공사","포장공사","아스팔트포장
(기계시공/본선포장)","1-5-4 아스팔트 기층 기계포설(대형장비)('24년 보완)","프라임코팅","㎡","","",0.0,0.0,0.0,0.0,0.0,0.0,0.0,0.0,0.0,0.0,0.0,20000.0
346,"부대토목공사","포장공사","콘크리트포장","","동상방지층(선택)","㎡","","",0.0,0.0,0.0,0.0,0.0,0.0,0.0,0.0,0.0,0.0,0.0,600.0
347,"부대토목공사","포장공사","콘크리트포장","","린콘크리트","㎥","","",0.0,0.0,0.0,0.0,0.0,0.0,0.0,0.0,0.0,0.0,0.0,550.0
351,"부대토목공사","포장공사","콘크리트포장","","부대공사","일/km","","",0.0,0.0,0.0,0.0,0.0,0.0,0.0,0.0,0.0,0.0,0.0,3.0
348,"부대토목공사","포장공사","콘크리트포장","","콘크리트표층","㎥","","",0.0,0.0,0.0,0.0,0.0,0.0,0.0,0.0,0.0,0.0,0.0,300.0
349,"부대토목공사","포장공사","콘크리트포장","","콘크리트표층","㎥","","",0.0,0.0,0.0,0.0,0.0,0.0,0.0,0.0,0.0,0.0,0.0,700.0
350,"부대토목공사","포장공사","콘크리트포장","","포장절단 및 줄눈","일","","",0.0,0.0,0.0,0.0,0.0,0.0,0.0,0.0,0.0,0.0,0.0,3.0
58,"부지정지","기존시설물 깨기","","8-2-13 대형브레이커('14, '17, '25년 보완)","아스콘 t=30㎝ 이상","㎥","대형 브레이커 1대 기준","장비 생산성",0.0,0.0,0.0,0.0,0.0,0.0,0.0,0.0,4.1,1.0,32.8,54.0
62,"부지정지","벌개제근","벌개제근","","","㎥","","",0.0,0.0,0.0,0.0,0.0,0.0,0.0,0.0,0.0,0.0,0.0,1.11
59,"부지정지","벌개제근","벌목","3-9-1 벌목('08, '18, '20년 보완)","5m 미만","㎡","벌목공 1인, 보통인부 1인, 굴착기(0.2㎥) 1대 기준","장비 생산성",2.14,1.0,0.0,0.0,0.0,0.0,0.51,1.0,2.71,1.0,2952.0295202952,0.0
60,"부지정지","벌개제근","벌목","3-9-1 벌목('08, '18, '20년 보완)","5m 이상 8m 미만","㎡","벌목공 1인, 보통인부 1인, 굴착기(0.2㎥) 1대 기준","장비 생산성",2.8,1.0,0.0,0.0,0.0,0.0,0.66,1.0,3.54,1.0,2259.88700564972,0.0
61,"부지정지","벌개제근","벌목","3-9-1 벌목('08, '18, '20년 보완)","8m 이상","㎡","벌목공 1인, 보통인부 1인, 굴착기(0.2㎥) 1대 기준","장비 생산성",3.65,1.0,0.0,0.0,0.0,0.0,0.87,1.0,4.61,1.0,1735.3579175705,1.375
63,"부지정지","벌개제근","뿌리뽑기","3-9-2 뿌리뽑기('20년 보완)","입목본수도 50∼60%, 수경 10∼20㎝이하","㎡","보통인부 1인, 굴착기(0.2㎥) 1대 기준","장비 생산성",0.0,0.0,0.0,0.0,0.0,0.0,1.06,1.0,3.76,1.0,2127.65957446808,0.0
64,"부지정지","표토제거","","","답구간","1000㎡","","",0.0,0.0,0.0,0.0,0.0,0.0,0.0,0.0,0.0,0.0,0.0,1.915
262,"석공사","강재트러스","석재판","","0.3㎡ 이하","㎡","석공 3인, 줄눈공 1인, 보통인부 2인 기준","인력 생산성",0.0,0.0,0.0,0.0,0.0,0.0,0.0,0.0,0.0,0.0,13.0,0.0
263,"석공사","강재트러스","석재판","","0.3㎡ 초과 ~ 0.8㎡ 이하","㎡","석공 3인, 줄눈공 1인, 보통인부 2인 기준","인력 생산성",0.0,0.0,0.0,0.0,0.0,0.0,0.0,0.0,0.0,0.0,15.0,0.0
260,"석공사","강재트러스","하지철물","7-4-3 강제트러스 지지공법","0.3㎡ 이하","㎡","용접공 2인, 철공 1인 기준","인력 생산성",0.0,0.0,0.0,0.0,0.0,0.0,0.0,0.0,0.0,0.0,11.0,0.0
261,"석공사","강재트러스","하지철물","7-4-3 강제트러스 지지공법","0.3㎡ 초과 ~ 0.8㎡ 이하","㎡","용접공 2인, 철공 1인 기준","인력 생산성",0.0,0.0,0.0,0.0,0.0,0.0,0.0,0.0,0.0,0.0,12.0,0.0
258,"석공사","앵커 긴결공법","","7-4-2 앵커 긴결공법","0.3㎡ 이하","㎡","석공 3인, 줄눈공 1인, 보통인부 2인 기준","인력 생산성",0.0,0.0,0.0,0.0,0.0,0.0,0.0,0.0,0.0,0.0,10.0,0.0
259,"석공사","앵커 긴결공법","","7-4-2 앵커 긴결공법","0.3㎡ 초과 ~ 0.8㎡ 이하","㎡","석공 3인, 줄눈공 1인, 보통인부 2인 기준","인력 생산성",0.0,0.0,0.0,0.0,0.0,0.0,0.0,0.0,0.0,0.0,11.0,0.0
257,"석공사","테라죠판붙임","","","바닥, 400*400*25㎜","㎡","석공 3인, 줄눈공 1인, 보통인부 2인 기준","인력 생산성",0.26,1.0,0.0,0.0,0.0,0.0,0.12,1.0,0.0,0.0,15.0,0.0
256,"석공사","화강석붙임","","7-4-1 습식공법('12, '19년 보완)","바닥, 30㎜, 모르타르 30㎜","㎡","석공 3인, 줄눈공 1인, 보통인부 2인 기준","인력 생산성",0.31,1.0,0.0,0.0,0.0,0.0,0.14,1.0,0.0,0.0,12.0,0.0
283,"수장공사","단열재","공간넣기","5-4-1 단열재 공간넣기('22, '24년 보완)","100㎜ 이하","㎡","내장공 2인, 보통인부 1인 기준","인력 생산성",0.0,2.0,0.0,0.0,0.0,0.0,0.0,1.0,0.0,0.0,90.0,0.0
286,"수장공사","단열재","바닥깔기","5-4-7 단열재 슬래브위 깔기('22, '24년 보완)","50㎜ 이하, 발포폴리스티렌 1겹 붙임","㎡","내장공 2인, 보통인부 1인 기준","인력 생산성",0.0,2.0,0.0,0.0,0.0,0.0,0.0,1.0,0.0,0.0,260.0,260.0
284,"수장공사","단열재","벽체붙임","5-4-2 단열재 접착제 붙이기('22, '24년 보완)","1겹 붙임, 100㎜ 이하, 접착제 붙임","㎡","내장공 2인, 보통인부 1인 기준","인력 생산성",0.0,2.0,0.0,0.0,0.0,0.0,0.0,1.0,0.0,0.0,42.0,70.0
285,"수장공사","단열재","타설부착","5-4-6 단열재 콘크리트타설 부착('22, '24년 보완)","100㎜ 이하","㎡","내장공 2인, 보통인부 1인 기준","인력 생산성",0.0,2.0,0.0,0.0,0.0,0.0,0.0,1.0,0.0,0.0,70.0,0.0
287,"수장공사","단열재","타정부착","5-4-5 단열재 타정 부착('22년 신설, '24년 보완)","벽, 100㎜ 이하","㎡","내장공 2인, 보통인부 1인 기준","인력 생산성",0.0,2.0,0.0,0.0,0.0,0.0,0.0,1.0,0.0,0.0,45.0,0.0
288,"수장공사","단열재","타정부착","5-4-5 단열재 타정 부착('22년 신설, '24년 보완)","천장, 200㎜ 이하","㎡","내장공 2인, 보통인부 1인 기준","인력 생산성",0.0,2.0,0.0,0.0,0.0,0.0,0.0,1.0,0.0,0.0,35.0,0.0
293,"수장공사","도배 바름","","5-3-7 도배바름('15, '24년 보완)","합판･석고보드면, 벽지","㎥","도배공 2인, 보통인부 1인 기준","인력 생산성",0.0,2.0,0.0,0.0,0.0,0.0,0.0,1.0,0.0,0.0,85.0,85.0
294,"수장공사","도배 바름","","5-3-7 도배바름('15, '24년 보완)","합판･석고보드면, 천장지",m,"도배공 2인, 보통인부 1인 기준","인력 생산성",0.0,2.0,0.0,0.0,0.0,0.0,0.0,1.0,0.0,0.0,73.15,65.0
296,"수장공사","바닥재 깔기","","5-1-1 PVC계 바닥재 설치('15, '24년 보완)","PVC계 바닥재(시트형-전면접착)","㎥","내장공 2인, 보통인부 1인 기준","인력 생산성",0.0,2.0,0.0,0.0,0.0,0.0,0.0,1.0,0.0,0.0,100.0,100.0
295,"수장공사","바닥재 깔기","","5-1-1 PVC계 바닥재 설치('15, '24년 보완)","PVC계 바닥재(타일형)","㎥","내장공 2인, 보통인부 1인 기준","인력 생산성",0.0,2.0,0.0,0.0,0.0,0.0,0.0,1.0,0.0,0.0,40.0,40.0
297,"수장공사","바닥재 깔기","","5-1-3 플로어링 마루 설치('06년 신설, '15, '24년 보완)","플로어링 마루","㎥","내장공 2인, 보통인부 1인 기준","인력 생산성",0.0,2.0,0.0,0.0,0.0,0.0,0.0,1.0,0.0,0.0,50.0,50.0
290,"수장공사","석고판","벽","5-3-1 석고판 설치(나사고정)('15, '24년 보완)","석고판 (나사고정), 바탕용(1겹)","㎡","내장공 2인, 보통인부 1인 기준","인력 생산성",0.0,2.0,0.0,0.0,0.0,0.0,0.0,1.0,0.0,0.0,60.0,0.0
289,"수장공사","석고판","벽","5-3-1 석고판 설치(나사고정)('15, '24년 보완)","석고판 (나사고정), 바탕용(2겹)","㎡","내장공 2인, 보통인부 1인 기준","인력 생산성",0.0,2.0,0.0,0.0,0.0,0.0,0.0,1.0,0.0,0.0,45.0,45.0
292,"수장공사","석고판","천장","5-2-3 석고판 설치(나사고정)('22년 신설, '24년 보완)","석고판 (나사고정), 천장(1겹)","㎡","내장공 2인, 보통인부 1인 기준","인력 생산성",0.0,2.0,0.0,0.0,0.0,0.0,0.0,1.0,0.0,0.0,45.0,45.0
291,"수장공사","석고판","천장","5-2-3 석고판 설치(나사고정)('22년 신설, '24년 보완)","석고판 (나사고정), 천장(2겹)","㎡","내장공 2인, 보통인부 1인 기준","인력 생산성",0.0,2.0,0.0,0.0,0.0,0.0,0.0,1.0,0.0,0.0,35.0,0.0
298,"수장공사","천장 흠음텍스붙임","","5-2-1 흡음텍스 설치('24년 보완)","천장, 9.5*300*600㎜","㎡","내장공 2인, 보통인부 1인 기준","인력 생산성",0.0,2.0,0.0,0.0,0.0,0.0,0.0,1.0,0.0,0.0,45.0,0.0
353,"조경공사","조경 및 식재","","4-3-5 식재(흉고직경)('19, '24년 보완)","흉고직경10~17(근원12~20)","주","조경공 3인, 보통인부 1인, 굴삭기(0.4㎥) 1대","인력 생산성",0.0,3.0,0.0,0.0,0.0,0.0,0.0,1.0,0.0,0.0,12.0,0.0
354,"조경공사","조경 및 식재","","4-3-5 식재(흉고직경)('19, '24년 보완)","흉고직경18~24(근원21~29)","주","조경공 3인, 보통인부 1인, 굴삭기(0.4㎥) 1대","인력 생산성",0.0,3.0,0.0,0.0,0.0,0.0,0.0,1.0,0.0,0.0,9.0,0.0
355,"조경공사","조경 및 식재","","4-3-5 식재(흉고직경)('19, '24년 보완)","흉고직경25~34(근원30~41)","주","조경공 3인, 보통인부 1인, 굴삭기(0.6㎥) 1대","인력 생산성",0.0,3.0,0.0,0.0,0.0,0.0,0.0,1.0,0.0,0.0,7.0,0.0
352,"조경공사","조경 및 식재","","4-3-5 식재(흉고직경)('19, '24년 보완)","흉고직경8~9(근원9~11)","주","","",0.0,0.0,0.0,0.0,0.0,0.0,0.0,0.0,0.0,0.0,0.0,17.0
356,"조경공사","줄떼","","","홈파기, 뗏밥주기, 물주기 및 마무리 작업 포함","㎡","","",0.0,0.0,0.0,0.0,0.0,0.0,0.0,0.0,0.0,0.0,0.0,170.0
357,"조경공사","평떼","","","홈파기, 뗏밥주기, 물주기 및 마무리 작업 포함","㎡","","",0.0,0.0,0.0,0.0,0.0,0.0,0.0,0.0,0.0,0.0,0.0,150.0
232,"조적공사","벽돌쌓기","","2-1-1 벽돌 쌓기('13, '19, '25년 보완)","0.5B 벽돌쌓기, 3.6m 이하","㎡","조적공 3인, 보통인부 1인 기준","인력 생산성",0.0,3.0,0.0,0.0,0.0,0.0,0.0,1.0,0.0,0.0,25.0,27.0
237,"조적공사","블록","","2-2-1 블록쌓기('13, '19, '25년 보완)","390*190*100, 3.6m초과, 양면마감","㎡","조적공 3인, 보통인부 2인 기준","인력 생산성",0.0,3.0,0.0,0.0,0.0,0.0,0.0,2.0,0.0,0.0,25.0,0.0
238,"조적공사","블록","","2-2-1 블록쌓기('13, '19, '25년 보완)","390*190*190, 3.6m초과, 한면마감","㎡","조적공 3인, 보통인부 2인 기준","인력 생산성",0.0,3.0,0.0,0.0,0.0,0.0,0.0,2.0,0.0,0.0,27.0,0.0
235,"조적공사","블록","","2-2-1 블록쌓기('13, '19, '25년 보완)","90×190×150, 3.6m 이하, 양면마감","㎡","조적공 3인, 보통인부 1인 기준","인력 생산성",0.0,3.0,0.0,0.0,0.0,0.0,0.0,1.0,0.0,0.0,23.0,0.0
236,"조적공사","블록","","2-2-1 블록쌓기('13, '19, '25년 보완)","90×190×150, 3.6m 이하, 한면마감","㎡","조적공 3인, 보통인부 1인 기준","인력 생산성",0.0,3.0,0.0,0.0,0.0,0.0,0.0,1.0,0.0,0.0,24.0,0.0
233,"조적공사","블록","","2-2-1 블록쌓기('13, '19, '25년 보완)","90×190×190, 3.6m 이하, 양면마감","㎡","조적공 3인, 보통인부 1인 기준","인력 생산성",0.0,3.0,0.0,0.0,0.0,0.0,0.0,1.0,0.0,0.0,19.0,0.0
234,"조적공사","블록","","2-2-1 블록쌓기('13, '19, '25년 보완)","90×190×190, 3.6m 이하, 한면마감","㎡","조적공 3인, 보통인부 1인 기준","인력 생산성",0.0,3.0,0.0,0.0,0.0,0.0,0.0,1.0,0.0,0.0,20.0,14.0
239,"조적공사","시멘트벽돌","","2-3-1 ALC블록 쌓기('13, '19, '25년 보완)","0.5B 벽돌쌓기, 3.6m 초과","㎡","조적공 3인, 보통인부 2인 기준","인력 생산성",0.0,3.0,0.0,0.0,0.0,0.0,0.0,2.0,0.0,0.0,22.0,0.0
240,"조적공사","시멘트벽돌","","2-3-1 ALC블록 쌓기('13, '19, '25년 보완)","1.0B 벽돌쌓기, 3.6m 초과","㎡","조적공 3인, 보통인부 2인 기준","인력 생산성",0.0,3.0,0.0,0.0,0.0,0.0,0.0,2.0,0.0,0.0,19.0,0.0
1,"준비기간","공사준비기간","","","국토부고시 제7조(준비기간 산정)","일","","",0.0,0.0,0.0,0.0,0.0,0.0,0.0,0.0,0.0,0.0,0.0,0.0
269,"지붕 및 홈통","금속 선홈통","","7-2-3 금속 선홈통 설치('18년 보완)","ø150㎜, T2.0㎜ 이하",m,"배관공 1인, 보통인부 1인 기준","인력 생산성",0.09,1.0,0.0,0.0,0.0,0.0,0.02,1.0,0.0,0.0,11.1111111111111,0.0
268,"지붕 및 홈통","금속 처마홈통","","7-2-1 금속 처마홈통 설치('16년 보완)","폭 150㎜ 이하",m,"배관공 1인, 보통인부 1인 기준","인력 생산성",0.06,1.0,0.0,0.0,0.0,0.0,0.01,1.0,0.0,0.0,16.6666666666667,0.0
271,"지붕 및 홈통","루프드레인","","7-3-1 루프드레인 설치('16년 보완)","ø100㎜∼150㎜","개소","배관공 1인, 보통인부 1인 기준","인력 생산성",0.17,1.0,0.0,0.0,0.0,0.0,0.04,1.0,0.0,0.0,5.88235294117647,0.0
270,"지붕 및 홈통","물받이홈통","","7-2-5 물받이홈통 설치('16년 보완)","실리콘 마감 작업 포함","개소","배관공 1인, 보통인부 1인 기준","인력 생산성",0.08,1.0,0.0,0.0,0.0,0.0,0.02,1.0,0.0,0.0,12.5,0.0
167,"지정공사","H-Pile 기초","점질토","","말뚝구경 500mm미만,길이 12.0m, 점질토",m,"","",0.0,0.0,0.0,0.0,0.0,0.0,0.0,0.0,0.0,0.0,0.0,27.0
176,"지정공사","기성말뚝 기초","경암","","해머비트, 말뚝직경 500mm, 케이싱 사용, 굴착연장 12m","본","해머비트","장비 생산성",0.0,0.0,0.0,0.0,0.0,0.0,0.0,0.0,0.0,0.0,1.93990110308102,0.0
177,"지정공사","기성말뚝 기초","경암","","해머비트, 말뚝직경 500mm, 케이싱 사용, 굴착연장 12m",m,"","",0.0,0.0,0.0,0.0,0.0,0.0,0.0,0.0,0.0,0.0,23.2788132369722,0.0
170,"지정공사","기성말뚝 기초","사질토","","개량형비트, 말뚝직경 500mm, 케이싱 사용, 굴착연장 12m","본","오거비트 및 개량형비트","장비 생산성",0.0,0.0,0.0,0.0,0.0,0.0,0.0,0.0,0.0,0.0,8.29943043124491,0.0
171,"지정공사","기성말뚝 기초","사질토","","개량형비트, 말뚝직경 500mm, 케이싱 사용, 굴착연장 12m",m,"","",0.0,0.0,0.0,0.0,0.0,0.0,0.0,0.0,0.0,0.0,99.593165174939,0.0
174,"지정공사","기성말뚝 기초","연암","","해머비트, 말뚝직경 500mm, 케이싱 사용, 굴착연장 12m","본","해머비트","장비 생산성",0.0,0.0,0.0,0.0,0.0,0.0,0.0,0.0,0.0,0.0,2.5379447623787,0.0
175,"지정공사","기성말뚝 기초","연암","","해머비트, 말뚝직경 500mm, 케이싱 사용, 굴착연장 12m",m,"","",0.0,0.0,0.0,0.0,0.0,0.0,0.0,0.0,0.0,0.0,30.4553371485444,0.0
168,"지정공사","기성말뚝 기초","점질토","5-3-1 기성말뚝 기초('99년 신설, '15, '16, '20년 보완)","개량형비트, 말뚝직경 500mm, 케이싱 사용, 굴착연장 12m","본","오거비트 및 개량형비트","장비 생산성",0.0,0.0,0.0,0.0,0.0,0.0,0.0,0.0,0.0,0.0,8.88501742160279,15.0
169,"지정공사","기성말뚝 기초","점질토","5-3-1 기성말뚝 기초('99년 신설, '15, '16, '20년 보완)","개량형비트, 말뚝직경 500mm, 케이싱 사용, 굴착연장 12m",m,"","",0.0,0.0,0.0,0.0,0.0,0.0,0.0,0.0,0.0,0.0,106.620209059233,0.0
172,"지정공사","기성말뚝 기초","풍화암","","개량형비트, 말뚝직경 500mm, 케이싱 사용, 굴착연장 12m","본","개량형비트","장비 생산성",0.0,0.0,0.0,0.0,0.0,0.0,0.0,0.0,0.0,0.0,4.51727192205492,0.0
173,"지정공사","기성말뚝 기초","풍화암","","개량형비트, 말뚝직경 500mm, 케이싱 사용, 굴착연장 12m",m,"","",0.0,0.0,0.0,0.0,0.0,0.0,0.0,0.0,0.0,0.0,54.207263064659,0.0
178,"지정공사","기성말뚝 기초","혼합층","","해머비트, 말뚝직경 500mm, 케이싱 사용, 굴착연장 12m","본","개량형비트","장비 생산성",0.0,0.0,0.0,0.0,0.0,0.0,0.0,0.0,0.0,0.0,4.90856592877767,0.0
179,"지정공사","기성말뚝 기초","혼합층","","해머비트, 말뚝직경 500mm, 케이싱 사용, 굴착연장 12m",m,"","",0.0,0.0,0.0,0.0,0.0,0.0,0.0,0.0,0.0,0.0,58.902791145332,0.0
198,"지정공사","두부정리","강관말뚝","5-3-3 말뚝두부정리(강관)('08, '09, '15, '20년 보완)","말뚝구경 ø500, 강관말뚝, 자동절단(산소+LPG) 기준","본","용접공 1인, 보통인부 1인, 굴착기(0.2㎥) 0.5대 기준","인력 생산성",0.047,1.0,0.0,0.0,0.0,0.0,0.047,1.0,0.052,1.0,30.0,21.0
199,"지정공사","두부정리","콘크리트말뚝","5-3-4 말뚝두부정리(콘크리트)('20년 보완)","말뚝구경 ø500, 콘크리트말뚝, 그라인더 절단 기준","본","할석공 1인, 보통인부 1인, 굴착기(0.2㎥) 1대 기준","인력 생산성",0.054,1.0,0.0,0.0,0.0,0.0,0.054,1.0,0.089,1.0,45.0,18.0
200,"지정공사","방습필름","","5-4-8 방습필름설치('15년 보완)","바닥, 절단 및 설치","㎡","내장공 1인, 보통인부 1인","인력 생산성",0.005,1.0,0.0,0.0,0.0,0.0,0.001,1.0,0.0,0.0,166.666666666667,0.0
201,"지정공사","잡석깔기 지정","","3-4-8 기초지정('20, '25년 보완)","","㎥","굴삭기 0.2㎥ 1대, 진동롤러 0.7ton 1대 기준","",0.0,0.0,0.0,0.0,0.0,0.0,0.0,0.0,0.0,0.0,90.0,0.0
166,"지정공사","지내력 기초","모래지정","","굴삭기+플레이트 콤팩터(1.5ton)에 의한 지정",m,"","",0.0,0.0,0.0,0.0,0.0,0.0,0.0,0.0,0.0,0.0,0.0,65.0
194,"지정공사","현장타설 말뚝","경암","","R.C.D, 말뚝직경 1000mm, 굴착연장 20m","본",R.C.D,"장비 생산성",0.0,0.0,0.0,0.0,0.0,0.0,0.0,0.0,0.0,0.0,0.124031007751938,0.0
195,"지정공사","현장타설 말뚝","경암","","R.C.D, 말뚝직경 1000mm, 굴착연장 20m",m,"","",0.0,0.0,0.0,0.0,0.0,0.0,0.0,0.0,0.0,0.0,1.48837209302326,0.0
196,"지정공사","현장타설 말뚝","경암","","전회전식, 말뚝직경 1000mm, 굴착연장 20m","본","전회전식","",0.0,0.0,0.0,0.0,0.0,0.0,0.0,0.0,0.0,0.0,0.161616161616162,0.0
197,"지정공사","현장타설 말뚝","경암","","전회전식, 말뚝직경 1000mm, 굴착연장 20m",m,"","",0.0,0.0,0.0,0.0,0.0,0.0,0.0,0.0,0.0,0.0,1.93939393939394,0.0
182,"지정공사","현장타설 말뚝","사질토","","요동식, 말뚝직경 1000mm, 굴착연장 20m","본","요동식","장비 생산성",0.0,0.0,0.0,0.0,0.0,0.0,0.0,0.0,0.0,0.0,0.8,0.0
183,"지정공사","현장타설 말뚝","사질토","","요동식, 말뚝직경 1000mm, 굴착연장 20m",m,"","",0.0,0.0,0.0,0.0,0.0,0.0,0.0,0.0,0.0,0.0,9.6,0.0
190,"지정공사","현장타설 말뚝","연암","","R.C.D, 말뚝직경 1000mm, 굴착연장 20m","본",R.C.D,"장비 생산성",0.0,0.0,0.0,0.0,0.0,0.0,0.0,0.0,0.0,0.0,0.210526315789474,0.0
191,"지정공사","현장타설 말뚝","연암","","R.C.D, 말뚝직경 1000mm, 굴착연장 20m",m,"","",0.0,0.0,0.0,0.0,0.0,0.0,0.0,0.0,0.0,0.0,2.52631578947368,0.0
192,"지정공사","현장타설 말뚝","연암","","전회전식, 말뚝직경 1000mm, 굴착연장 20m","본","전회전식","",0.0,0.0,0.0,0.0,0.0,0.0,0.0,0.0,0.0,0.0,0.25,0.0
193,"지정공사","현장타설 말뚝","연암","","전회전식, 말뚝직경 1000mm, 굴착연장 20m",m,"","",0.0,0.0,0.0,0.0,0.0,0.0,0.0,0.0,0.0,0.0,3.0,0.0
184,"지정공사","현장타설 말뚝","자갈","","요동식, 말뚝직경 1000mm, 굴착연장 20m","본","요동식","장비 생산성",0.0,0.0,0.0,0.0,0.0,0.0,0.0,0.0,0.0,0.0,0.463768115942029,0.0
185,"지정공사","현장타설 말뚝","자갈","","요동식, 말뚝직경 1000mm, 굴착연장 20m",m,"","",0.0,0.0,0.0,0.0,0.0,0.0,0.0,0.0,0.0,0.0,5.56521739130435,0.0
180,"지정공사","현장타설 말뚝","점질토","5-3-5 현장타설말뚝('15, '21, '26년 보완)","요동식, 말뚝직경 1000mm, 굴착연장 20m","본","요동식","장비 생산성",0.0,0.0,0.0,0.0,0.0,0.0,0.0,0.0,0.0,0.0,1.09677419354839,0.0
181,"지정공사","현장타설 말뚝","점질토","5-3-5 현장타설말뚝('15, '21, '26년 보완)","요동식, 말뚝직경 1000mm, 굴착연장 20m",m,"","",0.0,0.0,0.0,0.0,0.0,0.0,0.0,0.0,0.0,0.0,21.9354838709677,0.0
186,"지정공사","현장타설 말뚝","풍화암","","R.C.D, 말뚝직경 1000mm, 굴착연장 20m","본",R.C.D,"장비 생산성",0.0,0.0,0.0,0.0,0.0,0.0,0.0,0.0,0.0,0.0,0.280701754385965,0.0
187,"지정공사","현장타설 말뚝","풍화암","","R.C.D, 말뚝직경 1000mm, 굴착연장 20m",m,"","",0.0,0.0,0.0,0.0,0.0,0.0,0.0,0.0,0.0,0.0,3.36842105263158,0.0
188,"지정공사","현장타설 말뚝","풍화암","","전회전식, 말뚝직경 1000mm, 굴착연장 20m","본","전회전식","",0.0,0.0,0.0,0.0,0.0,0.0,0.0,0.0,0.0,0.0,0.432432432432432,0.0
189,"지정공사","현장타설 말뚝","풍화암","","전회전식, 말뚝직경 1000mm, 굴착연장 20m",m,"","",0.0,0.0,0.0,0.0,0.0,0.0,0.0,0.0,0.0,0.0,5.18918918918919,0.0
282,"창호 및 유리","알루미늄 커튼월","","10-1-8 커튼월 프레임 설치","스틱월방식 커튼월, 공장가공",kg,"창호공 3인, 보통인부 1인","인력 생산성",0.2,1.0,0.0,0.0,0.0,0.0,0.07,1.0,0.0,0.0,150.0,0.0
281,"창호 및 유리","알루미늄 커튼월","","10-1-8 커튼월 프레임 설치","스틱월방식 커튼월, 현장가공",kg,"창호공 3인, 보통인부 1인","인력 생산성",0.0,0.0,0.0,0.0,0.0,0.0,0.0,0.0,0.0,0.0,130.0,0.0
278,"창호 및 유리","창호유리","","10-3-1 창호유리 설치('14, '20년 보완)","복층유리 : 18㎜ 이하","㎡","유리공 1인, 보통인부 1인","인력 생산성",0.118,5.0,0.0,0.0,0.0,0.0,0.018,1.0,0.0,0.0,42.3728813559322,42.0
279,"창호 및 유리","창호유리","","10-3-1 창호유리 설치('14, '20년 보완)","복층유리 : 24㎜ 이하","㎡","유리공 1인, 보통인부 1인","인력 생산성",0.124,1.0,0.0,0.0,0.0,0.0,0.02,1.0,0.0,0.0,8.06451612903226,0.0
280,"창호 및 유리","커튼월 유리","","10-3-2 커튼월유리 설치('14, '20년 보완)","복층유리 : 24㎜ 이하","㎡","유리공 1인, 보통인부 1인","인력 생산성",0.145,1.0,0.0,0.0,0.0,0.0,0.024,1.0,0.0,0.0,6.89655172413793,0.0
277,"창호 및 유리","합성수지 창호","","10-1-4 합성수지창호 설치('14년 신설, '20년 보완)","창호규격 : 6.0∼9.0㎡ 이하 (이중창)","개소","창호공 1인, 보통인부 1인","인력 생산성",0.476,4.0,0.0,0.0,0.0,0.0,0.106,1.0,0.0,0.0,8.40336134453782,8.0
230,"철골공사",D.P,"","1-3-3 데크플레이트 설치('08, '18, '23년 보완)","데크플레이트 설치, 플라즈마 절단 포함","㎡","철골공 1인, 용접공 1인, 특별인부 1인 기준","인력 생산성",0.03,3.0,0.01,1.0,0.01,1.0,0.0,0.0,0.0,0.0,100.0,86.0
231,"철골공사","철골 내화 피복뿜칠","","1-4-3 철골 내화 피복뿜칠('18년 보완)","질석계  / 철골보(2시간)-20mm 기준  /  mm/100m2 당","100㎡","도장공 1인, 특별인부 1인, 보통인부 1인 기준","인력 생산성",0.062,1.0,0.0,0.0,0.056,1.0,0.062,1.0,0.0,0.0,5.55555555555556,0.0
228,"철골공사","철골 현장세우기","지상","1-2-1 현장 세우기('08, '18년 보완)","20층 미만 / 크레인  / 기둥, 거더",ton,"크레인(무한궤도/타이어) 1대 기준","",0.0,0.0,0.0,0.0,0.0,0.0,0.0,0.0,0.0,0.0,25.0,11.3
229,"철골공사","철골 현장세우기","지하(탑다운공법)","1-2-2 탑다운공법 지하 현장 세우기('23년 신설)","지하7층 미만 / 지하거더류",ton,"굴착기 1대 기준","",0.0,0.0,0.0,0.0,0.0,0.0,0.0,0.0,0.0,0.0,12.0,4.5
265,"타일공사","떠붙이기","","3-2-1 떠붙이기('07, '13, '16, '20, '25년 보완)","자재규격 : 0.11~0.20㎡ 이하 (벽)","㎡","미장공 2인, 보통인부 1인 기준","",0.0,2.0,0.0,0.0,0.0,0.0,0.0,1.0,0.0,0.0,15.0,21.0
264,"타일공사","바탕고르기","","3-1-1 바탕 고르기('13, '14, '20, '25년 보완)","시공규격 :두께 24mm이하(2회) 벽체 모르타르 바름","㎡","미장공 2인, 보통인부 1인 기준","",0.0,2.0,0.0,0.0,0.0,0.0,0.0,1.0,0.0,0.0,45.0,63.0
266,"타일공사","압착붙이기","","3-2-2 압착 붙이기('13, '20, '25년 보완)","자재규격 : 0.11~0.20㎡ 이하 (바닥)","㎡","미장공 2인, 보통인부 1인 기준","",0.0,2.0,0.0,0.0,0.0,0.0,0.0,1.0,0.0,0.0,21.0,27.0
267,"타일공사","접착붙이기","","3-2-3 접착 붙이기('98년 신설, '13, '16, '20, '25년 보완)","자재규격 : 0.11~0.20㎡ 이하 (벽)","㎡","미장공 2인, 보통인부 1인 기준","",0.0,2.0,0.0,0.0,0.0,0.0,0.0,1.0,0.0,0.0,26.0,39.0
161,"토공사","덤프운반:토사","","",(L=40.00km)24ton,"㎥","","",0.0,0.0,0.0,0.0,0.0,0.0,0.0,0.0,0.0,0.0,40.72,0.0
154,"토공사","비탈면 보호","","","비탈면 보강공(천공/보강재:연암)",m,"","",0.0,0.0,0.0,0.0,0.0,0.0,0.0,0.0,0.0,0.0,0.0,64.0
153,"토공사","비탈면 보호","","","비탈면 보호공(평떼)","㎡","","",0.0,0.0,0.0,0.0,0.0,0.0,0.0,0.0,0.0,0.0,0.0,505.0
160,"토공사","비탈면 보호","","3-7-5 비탈면 보강공('08년 신설, '14, '20, '25년 보완)","비탈면 보강공(크레인작업-경암)",m,"크롤러드릴(공기식,17㎥/min) 1대, 크레인 1대 기준","장비 생산성",0.0,0.0,0.0,0.0,0.0,0.0,0.0,0.0,0.0,0.0,27.0,0.0
159,"토공사","비탈면 보호","","3-7-5 비탈면 보강공('08년 신설, '14, '20, '25년 보완)","비탈면 보강공(크레인작업-보통암)",m,"크롤러드릴(공기식,17㎥/min) 1대, 크레인 1대 기준","장비 생산성",0.0,0.0,0.0,0.0,0.0,0.0,0.0,0.0,0.0,0.0,38.0,0.0
158,"토공사","비탈면 보호","","3-7-5 비탈면 보강공('08년 신설, '14, '20, '25년 보완)","비탈면 보강공(크레인작업-연암)",m,"크롤러드릴(공기식,17㎥/min) 1대, 크레인 1대 기준","장비 생산성",0.0,0.0,0.0,0.0,0.0,0.0,0.0,0.0,0.0,0.0,48.0,0.0
155,"토공사","비탈면 보호","","3-7-5 비탈면 보강공('08년 신설, '14, '20, '25년 보완)","비탈면 보강공(크레인작업-토사)",m,"크롤러드릴(공기식,17㎥/min) 1대, 크레인 1대 기준","장비 생산성",0.0,0.0,0.0,0.0,0.0,0.0,0.0,0.0,0.0,0.0,38.0,0.0
157,"토공사","비탈면 보호","","3-7-5 비탈면 보강공('08년 신설, '14, '20, '25년 보완)","비탈면 보강공(크레인작업-풍화암)",m,"크롤러드릴(공기식,17㎥/min) 1대, 크레인 1대 기준","장비 생산성",0.0,0.0,0.0,0.0,0.0,0.0,0.0,0.0,0.0,0.0,67.0,0.0
156,"토공사","비탈면 보호","","3-7-5 비탈면 보강공('08년 신설, '14, '20, '25년 보완)","비탈면 보강공(크레인작업-혼합층)",m,"크롤러드릴(공기식,17㎥/min) 1대, 크레인 1대 기준","장비 생산성",0.0,0.0,0.0,0.0,0.0,0.0,0.0,0.0,0.0,0.0,41.0,0.0
131,"토공사","암발파 및 파쇄","","3-3-7 암발파(소형브레이커)('20년 보완)","암발파(소형브레이커)","㎥","소형브레이커(2.7㎥/min) 1대, 공기압축기(10.3㎥/min) 1대 기준","인력 생산성",0.203,1.0,0.074,1.0,0.0,0.0,0.0,0.0,0.0,0.0,39.4088669950739,0.0
132,"토공사","암발파 및 파쇄","","3-3-8 암파쇄(유압식 할암공법)('20년 보완)","암파쇄(유압식 할암공법)","㎥","유압식크롤러드릴(110kW) 1대, 유압식할암기(∅80mm) 1대, 굴착기+대형브레이커(1.0㎥) 1대 기준","장비 생산성",0.121,1.0,0.486,1.0,0.121,1.0,0.0,0.0,0.0,0.0,16.4609053497942,0.0
152,"토공사","연약지반 처리","","5-2-1 매트부설('08, '16, '18, '21년 보완)","고압분사주입공법(직경800mm, L=25m)","본","","",0.0,0.0,0.0,0.0,0.0,0.0,0.0,0.0,0.0,0.0,0.0,2.2
151,"토공사","연약지반 처리","","5-2-1 매트부설('08, '16, '18, '21년 보완)","샌드매트 포설","㎥","불도저-습지(13톤)","",0.0,0.0,0.0,0.0,0.0,0.0,0.0,0.0,0.0,0.0,0.0,421.0
148,"토공사","연약지반 처리","","5-2-1 매트부설('08, '16, '18, '21년 보완)","수중: 사면","㎡","특별인부 2인, 보통인부 1인, 잠수조 1조 기준","인력 생산성",0.0,0.0,0.0,0.0,0.1,1.0,0.05,1.0,0.19,1.0,1150.0,0.0
149,"토공사","연약지반 처리","","5-2-1 매트부설('08, '16, '18, '21년 보완)","수중: 연약지반(도로/철도)","㎡","특별인부 2인, 보통인부 1인, 잠수조 1조 기준","인력 생산성",0.0,0.0,0.0,0.0,0.1,1.0,0.05,1.0,0.19,1.0,700.0,0.0
150,"토공사","연약지반 처리","","5-2-1 매트부설('08, '16, '18, '21년 보완)","수중: 연약지반(매립지)","㎡","특별인부 2인, 보통인부 1인, 잠수조 1조 기준","인력 생산성",0.0,0.0,0.0,0.0,0.1,1.0,0.05,1.0,0.19,1.0,700.0,0.0
145,"토공사","연약지반 처리","","5-2-1 매트부설('08, '16, '18, '21년 보완)","육상: 사면","㎡","특별인부 3인, 보통인부 1인, 굴착기(0.4㎥) 1대 기준","인력 생산성",0.0,0.0,0.0,0.0,0.1,1.0,0.05,1.0,0.19,1.0,4800.0,0.0
146,"토공사","연약지반 처리","","5-2-1 매트부설('08, '16, '18, '21년 보완)","육상: 연약지반(도로/철도)","㎡","특별인부 3인, 보통인부 1인, 굴착기(0.4㎥) 1대 기준","인력 생산성",0.0,0.0,0.0,0.0,0.0,0.0,0.0,0.0,0.0,0.0,3600.0,0.0
147,"토공사","연약지반 처리","","5-2-1 매트부설('08, '16, '18, '21년 보완)","육상: 연약지반(매립지)","㎡","특별인부 3인, 보통인부 1인, 굴착기(0.4㎥) 1대 기준","인력 생산성",0.0,0.0,0.0,0.0,0.1,1.0,0.05,1.0,0.19,1.0,3200.0,3571.0
165,"토공사","잔토처리","경암","",L=10.0km,"㎥","","",0.0,0.0,0.0,0.0,0.0,0.0,0.0,0.0,0.0,0.0,152.29,0.0
164,"토공사","잔토처리","연암","",L=10.0km,"㎥","","",0.0,0.0,0.0,0.0,0.0,0.0,0.0,0.0,0.0,0.0,152.29,0.0
162,"토공사","잔토처리","토사","",L=10.0km,"㎥","","",0.0,0.0,0.0,0.0,0.0,0.0,0.0,0.0,0.0,0.0,268.5,0.0
163,"토공사","잔토처리","풍화암","",L=50.0km,"㎥","","",0.0,0.0,0.0,0.0,0.0,0.0,0.0,0.0,0.0,0.0,69.6,0.0
119,"토공사","터파기(기계)","보통토사","3-2-4 터파기(기계)('25년 신설)","TypeⅠ 기준","㎥","굴착기(1.0㎥) 1대 기준","장비 생산성",0.0,0.0,0.0,0.0,0.0,0.0,0.0,0.0,0.0,0.0,560.0,0.0
120,"토공사","터파기(기계)","보통토사","3-2-4 터파기(기계)('25년 신설)","TypeⅡ 기준","㎥","굴착기(1.0㎥) 1대 기준","장비 생산성",0.0,0.0,0.0,0.0,0.0,0.0,0.0,0.0,0.0,0.0,420.0,0.0
121,"토공사","터파기(기계)","보통토사","3-2-4 터파기(기계)('25년 신설)","TypeⅢ 기준","㎥","굴착기(0.6㎥) 1대 기준","장비 생산성",0.0,0.0,0.0,0.0,0.0,0.0,0.0,0.0,0.0,0.0,190.0,0.0
127,"토공사","터파기(기계)","암","","TypeⅠ 기준","㎥","굴착기(1.0㎥) 1대, 대형브레이커(1.0㎥) 1대 기준","장비 생산성",0.0,0.0,0.0,0.0,0.0,0.0,0.0,0.0,0.0,0.0,38.0,0.0
128,"토공사","터파기(기계)","암","","TypeⅠ 기준","㎥","굴착기(1.0㎥) 1대, 대형브레이커(1.0㎥) 1대 기준","장비 생산성",0.0,0.0,0.0,0.0,0.0,0.0,0.0,0.0,0.0,0.0,30.0,0.0
129,"토공사","터파기(기계)","암","","TypeⅠ 기준","㎥","굴착기(1.0㎥) 1대, 대형브레이커(1.0㎥) 1대 기준","장비 생산성",0.0,0.0,0.0,0.0,0.0,0.0,0.0,0.0,0.0,0.0,22.0,0.0
130,"토공사","터파기(기계)","암","","TypeⅠ 기준","㎥","굴착기(1.0㎥) 1대, 대형브레이커(1.0㎥) 1대 기준","장비 생산성",0.0,0.0,0.0,0.0,0.0,0.0,0.0,0.0,0.0,0.0,16.0,0.0
125,"토공사","터파기(기계)","암","","리핑암, 자연터파기","㎥","브레이커 0.7㎥","",0.0,0.0,0.0,0.0,0.0,0.0,0.0,0.0,0.0,0.0,0.0,25.0
126,"토공사","터파기(기계)","암","","발파암, 자연터파기","㎥","브레이커 0.7㎥","",0.0,0.0,0.0,0.0,0.0,0.0,0.0,0.0,0.0,0.0,0.0,18.0
115,"토공사","터파기(기계)","토사","","사질토: 각도 90도","㎥","굴삭기 (0.6㎥) 1대 기준","",0.0,0.0,0.0,0.0,0.0,0.0,0.0,0.0,0.0,0.0,0.0,560.0
116,"토공사","터파기(기계)","토사","","사질토: 각도 90도","㎥","굴삭기 (1.0㎥) 1대 기준","",0.0,0.0,0.0,0.0,0.0,0.0,0.0,0.0,0.0,0.0,0.0,950.0
117,"토공사","터파기(기계)","토사","","사질토: 작업난이도 보통","㎥","굴삭기 (1.0㎥) 1대 기준","",0.0,0.0,0.0,0.0,0.0,0.0,0.0,0.0,0.0,0.0,0.0,514.0
118,"토공사","터파기(기계)","토사","","사질토: 작업난이도 불량(지장물 발생)","㎥","굴삭기 (1.0㎥) 1대 기준","",0.0,0.0,0.0,0.0,0.0,0.0,0.0,0.0,0.0,0.0,0.0,380.0
114,"토공사","터파기(기계)","토사","","자연터파기","㎥","굴삭기 (0.7㎥) 1대 기준","",0.0,0.0,0.0,0.0,0.0,0.0,0.0,0.0,0.0,0.0,0.0,349.0
122,"토공사","터파기(기계)","혼합토사","","TypeⅠ 기준","㎥","굴착기(1.0㎥) 1대 기준","장비 생산성",0.0,0.0,0.0,0.0,0.0,0.0,0.0,0.0,0.0,0.0,390.0,0.0
123,"토공사","터파기(기계)","혼합토사","","TypeⅡ 기준","㎥","굴착기(1.0㎥) 1대 기준","장비 생산성",0.0,0.0,0.0,0.0,0.0,0.0,0.0,0.0,0.0,0.0,300.0,0.0
124,"토공사","터파기(기계)","혼합토사","","TypeⅢ 기준","㎥","굴착기(0.6㎥) 1대 기준","장비 생산성",0.0,0.0,0.0,0.0,0.0,0.0,0.0,0.0,0.0,0.0,150.0,0.0
103,"토공사","흙깎기(기계)","보통토사","3-2-3 흙깎기(기계)('25년 신설)","대규모","㎥","불도저(32ton) 1대 기준","장비 생산성",0.0,0.0,0.0,0.0,0.0,0.0,0.0,0.0,0.0,0.0,310.0,0.0
101,"토공사","흙깎기(기계)","보통토사","3-2-3 흙깎기(기계)('25년 신설)","소규모","㎥","굴착기(1.0㎥) 1대 기준","장비 생산성",0.0,0.0,0.0,0.0,0.0,0.0,0.0,0.0,0.0,0.0,930.0,0.0
102,"토공사","흙깎기(기계)","보통토사","3-2-3 흙깎기(기계)('25년 신설)","중규모","㎥","불도저(19ton) 1대 기준","장비 생산성",0.0,0.0,0.0,0.0,0.0,0.0,0.0,0.0,0.0,0.0,560.0,0.0
113,"토공사","흙깎기(기계)","암","","경암","㎥","굴착기(1.0㎥) 1대, 대형브레이커(1.0㎥) 1대 기준","장비 생산성",0.0,0.0,0.0,0.0,0.0,0.0,0.0,0.0,0.0,0.0,25.0,0.0
107,"토공사","흙깎기(기계)","암","","리핑암","㎥","리퍼2본+불도저32톤","",0.0,0.0,0.0,0.0,0.0,0.0,0.0,0.0,0.0,0.0,0.0,367.0
109,"토공사","흙깎기(기계)","암","","발파암-발파","㎥","소규모 진동제어발파","",0.0,0.0,0.0,0.0,0.0,0.0,0.0,0.0,0.0,0.0,0.0,83.0
108,"토공사","흙깎기(기계)","암","","발파암-연암, 보통암, 경암 평균","㎥","브레이커","",0.0,0.0,0.0,0.0,0.0,0.0,0.0,0.0,0.0,0.0,0.0,27.0
112,"토공사","흙깎기(기계)","암","","보통암","㎥","굴착기(1.0㎥) 1대, 대형브레이커(1.0㎥) 1대 기준","장비 생산성",0.0,0.0,0.0,0.0,0.0,0.0,0.0,0.0,0.0,0.0,30.0,0.0
111,"토공사","흙깎기(기계)","암","","연암","㎥","굴착기(1.0㎥) 1대, 대형브레이커(1.0㎥) 1대 기준","장비 생산성",0.0,0.0,0.0,0.0,0.0,0.0,0.0,0.0,0.0,0.0,50.0,0.0
110,"토공사","흙깎기(기계)","암","","풍화암","㎥","굴착기(1.0㎥) 1대, 대형브레이커(1.0㎥) 1대 기준","장비 생산성",0.0,0.0,0.0,0.0,0.0,0.0,0.0,0.0,0.0,0.0,65.0,0.0
100,"토공사","흙깎기(기계)","토사","","","㎥","굴착기(1.0㎥) 1대 기준","",0.0,0.0,0.0,0.0,0.0,0.0,0.0,0.0,0.0,0.0,0.0,520.0
106,"토공사","흙깎기(기계)","혼합토사","","대규모","㎥","불도저(32ton) 1대 기준","장비 생산성",0.0,0.0,0.0,0.0,0.0,0.0,0.0,0.0,0.0,0.0,230.0,0.0
104,"토공사","흙깎기(기계)","혼합토사","","소규모","㎥","굴착기(1.0㎥) 1대 기준","장비 생산성",0.0,0.0,0.0,0.0,0.0,0.0,0.0,0.0,0.0,0.0,640.0,0.0
105,"토공사","흙깎기(기계)","혼합토사","","중규모","㎥","불도저(19ton) 1대 기준","장비 생산성",0.0,0.0,0.0,0.0,0.0,0.0,0.0,0.0,0.0,0.0,390.0,0.0
133,"토공사","흙쌓기","쌓기","","노상","㎥","모터그레이더(3.6㎥) 1대 기준","",0.0,0.0,0.0,0.0,0.0,0.0,0.0,0.0,0.0,0.0,0.0,745.0
134,"토공사","흙쌓기","쌓기","","노체","㎥","모터그레이더(3.6㎥) 1대 기준","",0.0,0.0,0.0,0.0,0.0,0.0,0.0,0.0,0.0,0.0,0.0,1118.0
136,"토공사","흙쌓기","쌓기","3-4-1 흙쌓기('25년 신설)","두께 20cm","㎥","특별인부 1인, 모터그레이더(3.6m) 1대, 굴착기(0.6㎥) 1대,
진동롤러(10ton) 1대 기준","장비 생산성",0.0,0.0,0.0,0.0,0.0,0.0,0.0,0.0,0.0,0.0,1150.0,0.0
135,"토공사","흙쌓기","쌓기","3-4-1 흙쌓기('25년 신설)","두께 30cm","㎥","특별인부 1인, 모터그레이더(3.6m) 1대, 굴착기(0.6㎥) 1대,
진동롤러(10ton) 1대 기준","장비 생산성",0.0,0.0,0.0,0.0,0.0,0.0,0.0,0.0,0.0,0.0,770.0,0.0
137,"토공사","흙쌓기","쌓기","3-4-1 흙쌓기('25년 신설)","암쌓기","㎥","불도저(32ton) 1대 기준","",0.0,0.0,0.0,0.0,0.0,0.0,0.0,0.0,0.0,0.0,0.0,647.0
138,"토공사","흙쌓기","쌓기","3-4-2 암쌓기('03년 신설, '08, '20, '25년 보완)","","㎥","양족식 롤러(32ton)1대, 진동롤러(10ton) 1대, 
불도저(32ton) 1대 기준","장비 생산성",0.0,0.0,0.0,0.0,0.0,0.0,0.0,0.0,0.0,0.0,1380.0,0.0
139,"토공사","흙쌓기","쌓기","3-4-2 암쌓기('03년 신설, '08, '20, '25년 보완)","녹지대","㎥","불도저(32ton) 1대 기준","",0.0,0.0,0.0,0.0,0.0,0.0,0.0,0.0,0.0,0.0,0.0,1231.0
140,"토공사","흙쌓기","쌓기","3-4-2 암쌓기('03년 신설, '08, '20, '25년 보완)","되메우기","㎥","램머(80kg) 다짐","",0.0,0.0,0.0,0.0,0.0,0.0,0.0,0.0,0.0,0.0,0.0,42.0
143,"토공사","흙쌓기","흙 다지기","3-4-3 흙 다지기('25년 신설)","토사 두께 15cm(래머)","㎥","래머(80kg) 1대 기준","",0.0,0.0,0.0,0.0,0.0,0.0,0.0,0.0,0.0,0.0,14.0,0.0
141,"토공사","흙쌓기","흙 다지기","3-4-3 흙 다지기('25년 신설)","토사 두께 15cm(플레이트콤팩터)","㎥","플레이트콤팩터(1.5ton) 1대 기준","",0.0,0.0,0.0,0.0,0.0,0.0,0.0,0.0,0.0,0.0,18.0,0.0
144,"토공사","흙쌓기","흙 다지기","3-4-3 흙 다지기('25년 신설)","토사 두께 30cm(래머)","㎥","래머(80kg) 1대 기준","",0.0,0.0,0.0,0.0,0.0,0.0,0.0,0.0,0.0,0.0,20.0,0.0
142,"토공사","흙쌓기","흙 다지기","3-4-3 흙 다지기('25년 신설)","토사 두께 30cm(플레이트콤팩터)","㎥","플레이트콤팩터(1.5ton) 1대 기준","",0.0,0.0,0.0,0.0,0.0,0.0,0.0,0.0,0.0,0.0,24.0,0.0
86,"흙막이 가시설",CIP,"천공 및 타설","5-1-9 주열식 현장벽체공법(CIP,Cast In Placed Pile)('26년 신설)","경암 : 말뚝직경 500mm, 길이 12m","본","해머비트","장비 생산성",0.0,0.0,0.0,0.0,0.0,0.0,0.0,0.0,0.0,0.0,2.07209151737535,0.0
87,"흙막이 가시설",CIP,"천공 및 타설","5-1-9 주열식 현장벽체공법(CIP,Cast In Placed Pile)('26년 신설)","경암 : 말뚝직경 500mm, 길이 12m",m,"","",0.0,0.0,0.0,0.0,0.0,0.0,0.0,0.0,0.0,0.0,24.8650982085042,0.0
80,"흙막이 가시설",CIP,"천공 및 타설","5-1-9 주열식 현장벽체공법(CIP,Cast In Placed Pile)('26년 신설)","사질토 : 말뚝직경 500mm, 길이 12m","본","오거비트 및 개량형비트","장비 생산성",0.0,0.0,0.0,0.0,0.0,0.0,0.0,0.0,0.0,0.0,15.8940397350993,0.0
81,"흙막이 가시설",CIP,"천공 및 타설","5-1-9 주열식 현장벽체공법(CIP,Cast In Placed Pile)('26년 신설)","사질토 : 말뚝직경 500mm, 길이 12m",m,"","",0.0,0.0,0.0,0.0,0.0,0.0,0.0,0.0,0.0,0.0,190.728476821192,0.0
84,"흙막이 가시설",CIP,"천공 및 타설","5-1-9 주열식 현장벽체공법(CIP,Cast In Placed Pile)('26년 신설)","연암 : 말뚝직경 500mm, 길이 12m","본","해머비트","장비 생산성",0.0,0.0,0.0,0.0,0.0,0.0,0.0,0.0,0.0,0.0,2.8285209192693,0.0
85,"흙막이 가시설",CIP,"천공 및 타설","5-1-9 주열식 현장벽체공법(CIP,Cast In Placed Pile)('26년 신설)","연암 : 말뚝직경 500mm, 길이 12m",m,"","",0.0,0.0,0.0,0.0,0.0,0.0,0.0,0.0,0.0,0.0,33.9422510312316,0.0
78,"흙막이 가시설",CIP,"천공 및 타설","5-1-9 주열식 현장벽체공법(CIP,Cast In Placed Pile)('26년 신설)","점질토 : 말뚝직경 500mm, 길이 12m","본","오거비트 및 개량형비트","장비 생산성",0.0,0.0,0.0,0.0,0.0,0.0,0.0,0.0,0.0,0.0,18.3556405353728,0.0
79,"흙막이 가시설",CIP,"천공 및 타설","5-1-9 주열식 현장벽체공법(CIP,Cast In Placed Pile)('26년 신설)","점질토 : 말뚝직경 500mm, 길이 12m",m,"","",0.0,0.0,0.0,0.0,0.0,0.0,0.0,0.0,0.0,0.0,220.267686424474,0.0
82,"흙막이 가시설",CIP,"천공 및 타설","5-1-9 주열식 현장벽체공법(CIP,Cast In Placed Pile)('26년 신설)","풍화암 : 말뚝직경 500mm, 길이 12m","본","개량형비트","장비 생산성",0.0,0.0,0.0,0.0,0.0,0.0,0.0,0.0,0.0,0.0,5.87875076546234,0.0
83,"흙막이 가시설",CIP,"천공 및 타설","5-1-9 주열식 현장벽체공법(CIP,Cast In Placed Pile)('26년 신설)","풍화암 : 말뚝직경 500mm, 길이 12m",m,"","",0.0,0.0,0.0,0.0,0.0,0.0,0.0,0.0,0.0,0.0,70.5450091855481,0.0
88,"흙막이 가시설",CIP,"천공 및 타설","5-1-9 주열식 현장벽체공법(CIP,Cast In Placed Pile)('26년 신설)","혼합층 : 말뚝직경 500mm, 길이 12m","본","개량형비트","장비 생산성",0.0,0.0,0.0,0.0,0.0,0.0,0.0,0.0,0.0,0.0,6.60701995870613,0.0
89,"흙막이 가시설",CIP,"천공 및 타설","5-1-9 주열식 현장벽체공법(CIP,Cast In Placed Pile)('26년 신설)","혼합층 : 말뚝직경 500mm, 길이 12m",m,"","",0.0,0.0,0.0,0.0,0.0,0.0,0.0,0.0,0.0,0.0,79.2842395044735,0.0
76,"흙막이 가시설",CIP,"현장타설 말뚝","5-3-5 현장타설말뚝('15, '21년 보완)","장비조립","회","크레인(25ton) 1대 기준","장비 생산성",0.0,0.0,0.0,0.0,0.0,0.0,0.0,0.0,1.0,1.0,1.0,0.0
77,"흙막이 가시설",CIP,"현장타설 말뚝","5-3-5 현장타설말뚝('15, '21년 보완)","장비해체","회","크레인(25ton) 1대 기준","장비 생산성",0.0,0.0,0.0,0.0,0.0,0.0,0.0,0.0,0.5,1.0,1.0,0.0
90,"흙막이 가시설","복공판","","5-1-8 복공판 설치·철거('25년 신설)","설치","회","철골공 2인, 용접공 2인, 보통인부 1인, 크레인(25ton) 1대 기준","장비 생산성",0.0,0.0,0.0,0.0,0.0,0.0,0.0,0.0,0.0,0.0,120.0,0.0
91,"흙막이 가시설","복공판","","5-1-8 복공판 설치·철거('25년 신설)","제거","회","철골공 2인, 용접공 2인, 보통인부 1인, 크레인(25ton) 1대 기준","장비 생산성",0.0,0.0,0.0,0.0,0.0,0.0,0.0,0.0,0.0,0.0,170.0,0.0
67,"흙막이 가시설","수평지보공(H-Beam)","가설흙막이","","말뚝박기용 천공/근입 (파일근입장 20m)","본","","",0.0,0.0,0.0,0.0,0.0,0.0,0.0,0.0,0.0,0.0,0.0,8.0
65,"흙막이 가시설","수평지보공(H-Beam)","가설흙막이","","진동파일해머-H파일 (파일근입장 20m)","본","","",0.0,0.0,0.0,0.0,0.0,0.0,0.0,0.0,0.0,0.0,0.0,8.0
66,"흙막이 가시설","수평지보공(H-Beam)","가설흙막이","","진동파일해머-강널말뚝 (파일근입장 20m)","본","","",0.0,0.0,0.0,0.0,0.0,0.0,0.0,0.0,0.0,0.0,0.0,10.0
68,"흙막이 가시설","수평지보공(H-Beam)","띠장 설치 및 철거","5-1-2 H-Beam 설치(띠장)","H=500이하, 길이 9~11m","본","철골공 2인, 용접공 3인, 보통인부 1인, 크레인(25ton) 1대 기준","장비 생산성",0.61,2.0,0.69,4.0,0.0,0.0,0.33,2.0,0.97,1.0,80.0,100.0
69,"흙막이 가시설","수평지보공(H-Beam)","띠장 설치 및 철거","5-1-2 H-Beam 설치(띠장)","H=600~800, 길이 9~11m","본","철골공 2인, 용접공 3인, 보통인부 1인, 크레인(25ton) 1대 기준","장비 생산성",0.78,1.0,0.88,1.0,0.0,0.0,0.41,1.0,1.23,1.0,65.0,0.0
70,"흙막이 가시설","수평지보공(H-Beam)","띠장 설치 및 철거","5-1-4 H-Beam 해체(띠장)","H=500이하, 길이 9~11m","본","철골공 1인, 용접공 2인, 보통인부 1인, 크레인(25ton) 1대 기준","장비 생산성",0.37,1.0,0.41,1.0,0.0,0.0,0.2,1.0,0.68,1.0,110.0,150.0
71,"흙막이 가시설","수평지보공(H-Beam)","띠장 설치 및 철거","5-1-4 H-Beam 해체(띠장)","H=600~800, 길이 9~11m","본","철골공 1인, 용접공 2인, 보통인부 1인, 크레인(25ton) 1대 기준","장비 생산성",0.46,1.0,0.53,1.0,0.0,0.0,0.25,1.0,0.86,1.0,85.0,0.0
72,"흙막이 가시설","수평지보공(H-Beam)","버팀보 설치 및 철거","5-1-3 H-Beam 설치(버팀보)","H=500이하, 길이 9~11m","본","철골공 3인, 용접공 2인, 보통인부 1인, 크레인(25ton) 1대 기준","장비 생산성",0.61,2.0,0.69,4.0,0.0,0.0,0.33,2.0,0.97,1.0,10.0,10.0
73,"흙막이 가시설","수평지보공(H-Beam)","버팀보 설치 및 철거","5-1-3 H-Beam 설치(버팀보)","H=600~800, 길이 9~11m","본","철골공 3인, 용접공 2인, 보통인부 1인, 크레인(25ton) 1대 기준","장비 생산성",0.78,1.0,0.88,1.0,0.0,0.0,0.41,1.0,1.23,1.0,8.0,0.0
74,"흙막이 가시설","수평지보공(H-Beam)","버팀보 설치 및 철거","5-1-5 H-Beam 해체(버팀보)","H=500이하, 길이 9~11m","본","철골공 2인, 용접공 1인, 보통인부 1인, 크레인(25ton) 1대 기준","장비 생산성",0.37,1.0,0.41,1.0,0.0,0.0,0.2,1.0,0.68,1.0,13.0,15.0
75,"흙막이 가시설","수평지보공(H-Beam)","버팀보 설치 및 철거","5-1-5 H-Beam 해체(버팀보)","H=600~800, 길이 9~11m","본","철골공 2인, 용접공 1인, 보통인부 1인, 크레인(25ton) 1대 기준","장비 생산성",0.46,1.0,0.53,1.0,0.0,0.0,0.25,1.0,0.86,1.0,10.0,0.0
99,"흙막이 가시설","어스앵커 천공 및 강선삽입","","5-1-5 어스앵커 공법('20년 보완)","경암 Φ105m/m",m,"크롤러드릴(타격식 17㎥/min)","장비 생산성",0.0,0.0,0.0,0.0,0.0,0.0,0.0,0.0,13.33,1.0,28.8072018004501,0.0
98,"흙막이 가시설","어스앵커 천공 및 강선삽입","","5-1-5 어스앵커 공법('20년 보완)","보통암 Φ105m/m",m,"크롤러드릴(타격식 17㎥/min)","장비 생산성",0.0,0.0,0.0,0.0,0.0,0.0,0.0,0.0,9.38,1.0,40.9381663113006,0.0
97,"흙막이 가시설","어스앵커 천공 및 강선삽입","","5-1-5 어스앵커 공법('20년 보완)","연암 Φ105m/m",m,"크롤러드릴(타격식 17㎥/min)","장비 생산성",0.0,0.0,0.0,0.0,0.0,0.0,0.0,0.0,7.5,1.0,51.2,0.0
94,"흙막이 가시설","어스앵커 천공 및 강선삽입","","5-1-5 어스앵커 공법('20년 보완)","토 사 Φ105m/m",m,"크롤러드릴(타격식 17㎥/min)","장비 생산성",0.0,0.0,0.0,0.0,0.0,0.0,0.0,0.0,9.38,1.0,40.9381663113006,0.0
96,"흙막이 가시설","어스앵커 천공 및 강선삽입","","5-1-5 어스앵커 공법('20년 보완)","풍화암 Φ105m/m",m,"크롤러드릴(타격식 17㎥/min)","장비 생산성",0.0,0.0,0.0,0.0,0.0,0.0,0.0,0.0,5.41,1.0,70.9796672828096,0.0
95,"흙막이 가시설","어스앵커 천공 및 강선삽입","","5-1-5 어스앵커 공법('20년 보완)","혼합층 Φ105m/m",m,"크롤러드릴(타격식 17㎥/min)","장비 생산성",0.0,0.0,0.0,0.0,0.0,0.0,0.0,0.0,8.7,1.0,44.1379310344828,0.0
92,"흙막이 가시설","토류판","","5-1-4 흙막이판 설치･철거('09, '14, '21년 보완)","설치: 각재 및 강재, 높이 200mm이하","10㎡","형틀목공 2인, 보통인부 1인, 굴삭기(0.2㎥) 1대 기준","인력 생산성",0.73,2.0,0.0,0.0,0.0,0.0,0.38,1.0,1.92,1.0,30.0,0.0
93,"흙막이 가시설","토류판","","5-1-4 흙막이판 설치･철거('09, '14, '21년 보완)","철거: 각재 및 강재, 높이 200mm이하","10㎡","형틀목공 2인, 보통인부 1인, 굴삭기(0.2㎥) 1대 기준","인력 생산성",0.58,2.0,0.0,0.0,0.0,0.0,0.3,1.0,1.54,1.0,40.0,0.0
